numTokens,NVnum,NVscore,PVnum,PVscore,NAnum,NAscore,PAnum,PAscore
273,12,-4.946899999999999,107,48.390999999999984,12,-4.878080000000001,107,50.100999999999985
124,0,0.0,42,24.323000000000004,0,0.0,42,23.806
124,0,0.0,42,24.323000000000004,0,0.0,42,23.806
119,2,-0.57794,46,22.511,2,-0.60606,46,23.066000000000003
128,3,-0.6830200000000001,36,15.266000000000002,3,-0.7962400000000001,36,15.996999999999996
223,3,-1.4030399999999998,76,40.02600000000001,3,-1.3135000000000001,76,40.193
388,2,-0.6393599999999999,143,83.20900000000002,2,-0.6326999999999999,143,82.61199999999998
178,6,-2.55758,64,32.25900000000001,6,-2.39268,64,33.063
212,3,-0.60532,79,36.27400000000001,3,-0.7540600000000001,79,38.06300000000001
189,2,-1.0870600000000001,64,33.47200000000001,2,-1.03378,64,33.589
51,0,0.0,12,4.982,0,0.0,12,5.58
290,6,-2.6936,96,56.391999999999996,6,-2.6551199999999997,96,56.010000000000026
67,1,-0.47582,22,11.188,1,-0.44548,22,11.376
93,2,-1.0804,27,12.393,2,-1.0226799999999998,27,12.915000000000001
90,1,-0.021999999999999964,35,14.692000000000002,0,0.0,35,15.303000000000003
140,3,-1.12242,49,24.487,2,-0.9649599999999999,49,24.292000000000005
124,1,-0.1887,36,18.242,1,-0.2442,36,18.371
191,4,-2.11418,61,30.61800000000001,4,-2.03796,61,31.379000000000005
140,1,-0.04588,43,21.58,1,-0.13541999999999998,43,22.339000000000002
222,3,-1.2802,73,36.38700000000001,3,-1.2550399999999997,73,36.732000000000006
123,2,-0.9871599999999999,41,19.139,2,-0.9235199999999999,41,19.842999999999996
157,2,-0.7326,58,29.906000000000013,2,-0.7518400000000001,58,30.437
151,5,-2.25774,49,23.556000000000004,5,-2.15636,49,24.076
46,0,0.0,18,7.1739999999999995,0,0.0,18,7.911
416,13,-5.587,121,66.903,13,-5.698,121,66.83099999999999
276,9,-3.24786,80,37.77200000000001,9,-3.23972,80,39.04
456,10,-5.1282000000000005,123,59.33399999999997,10,-4.886959999999999,123,60.639999999999986
74,3,-1.09964,25,8.657000000000002,3,-1.13516,25,9.741000000000001
125,3,-0.99752,51,26.444000000000003,3,-1.0167599999999999,51,26.291999999999998
74,0,0.0,25,12.058,0,0.0,25,12.078
769,24,-9.48976,223,117.237,24,-9.711019999999998,223,117.63699999999996
186,8,-4.1025599999999995,53,29.910999999999994,8,-3.90646,53,29.64
42,2,-0.70152,17,7.162,2,-0.7659,17,7.740000000000001
319,5,-1.7833999999999999,98,52.61500000000001,5,-1.80116,98,53.130999999999986
193,4,-1.4801199999999999,61,31.342000000000006,4,-1.3909399999999996,61,31.614999999999995
104,1,-0.21163999999999997,35,18.555999999999997,1,-0.25677999999999995,35,18.491
198,3,-1.6265200000000002,67,33.54599999999999,3,-1.5392000000000001,67,34.617
299,1,-0.4662,96,46.65800000000001,1,-0.43585999999999997,96,47.331
151,3,-1.23062,53,25.704,3,-1.16624,53,26.191999999999997
207,3,-1.4644599999999999,72,38.905,3,-1.3941599999999998,72,39.18999999999999
101,1,-0.57054,37,19.189,1,-0.5476,37,19.389
123,6,-3.1235399999999998,36,15.099000000000004,6,-2.98516,36,16.021
549,12,-5.60328,192,90.12199999999997,12,-5.52928,192,92.72900000000007
170,4,-1.89588,64,28.552000000000014,4,-1.7833999999999999,64,29.55599999999999
207,2,-0.6186400000000001,75,36.55900000000001,2,-0.68524,75,37.56
454,3,-1.5110800000000002,139,67.33300000000003,3,-1.443,139,70.14299999999999
206,3,-0.13763999999999998,66,29.172,3,-0.40625999999999995,66,30.515000000000008
428,13,-6.52828,129,74.055,13,-6.287040000000001,129,73.06899999999999
127,3,-1.32016,39,20.087,3,-1.24542,39,20.075999999999997
290,7,-3.32186,89,49.53799999999999,7,-3.28634,89,49.91100000000001
135,4,-1.6465,37,18.933000000000003,4,-1.6080199999999998,37,19.157000000000004
299,5,-1.78562,106,52.794,5,-1.7545400000000002,106,54.256000000000014
252,1,-0.23099999999999998,76,45.566,1,-0.10999999999999999,76,45.124999999999986
167,0,0.0,61,28.59000000000001,0,0.0,61,30.32100000000001
780,14,-6.19554,201,123.61800000000007,13,-6.0384,201,121.08500000000005
55,1,-0.4625,17,9.809,1,-0.43141999999999997,17,9.67
331,6,-1.6302200000000002,98,52.11399999999998,6,-1.7345599999999999,98,52.791
156,1,-0.49802,48,25.199999999999996,1,-0.4662,48,25.725999999999992
285,8,-3.42176,79,39.026999999999994,8,-3.3418400000000004,79,39.701999999999984
251,4,-1.9454600000000002,93,45.09300000000001,4,-1.8640600000000003,93,46.766999999999996
122,3,-0.54686,29,14.414,3,-0.69856,29,14.406000000000002
341,5,-1.75602,109,52.542000000000016,5,-1.86924,109,53.86300000000001
52,1,-0.35519999999999996,17,5.587000000000001,1,-0.33744,17,6.338
21,0,0.0,8,1.927,0,0.0,8,2.603
224,3,-1.40654,81,39.024,3,-1.27752,81,40.042
262,5,-1.22512,87,40.78699999999999,5,-1.3344399999999998,87,42.46399999999999
191,2,-1.18992,58,31.937999999999995,2,-1.1403400000000001,58,32.397
3094,51,-19.94124,1093,575.1430000000003,50,-19.88010000000001,1093,575.6229999999999
166,0,0.0,58,25.513999999999996,0,0.0,58,26.726000000000003
75,1,-0.54094,21,10.795,1,-0.51208,21,10.789
697,11,-4.14412,200,108.888,11,-3.88326,200,109.01700000000004
143,5,-2.59444,55,27.763999999999996,5,-2.4664200000000003,55,28.147
106,0,0.0,35,17.843999999999998,0,0.0,35,18.473
330,8,-3.66892,98,52.22900000000002,8,-3.7007399999999997,98,52.51600000000003
65,1,-0.40034000000000003,26,11.71,1,-0.37,26,12.186000000000005
209,6,-2.1940999999999997,57,33.333000000000006,6,-2.19558,57,33.028999999999996
349,7,-2.38502,112,65.54700000000003,7,-2.4782599999999997,112,64.54400000000001
99,4,-1.81152,30,14.314999999999998,4,-1.8100399999999999,30,14.419
188,5,-1.7604600000000001,66,30.784000000000013,5,-1.81374,66,31.815999999999992
201,4,-2.1127000000000002,71,35.55599999999999,4,-2.00096,71,36.005
395,4,-2.3228600000000004,124,73.70300000000002,4,-2.22,124,72.199
145,0,0.0,44,25.759999999999998,0,0.0,44,25.679000000000002
166,5,-1.8426,55,30.174000000000003,5,-1.82114,55,29.877000000000006
103,0,0.0,38,17.832,0,0.0,38,18.540000000000003
312,9,-3.66152,87,45.897,9,-3.7347799999999998,87,45.85900000000002
296,2,-0.62504,79,38.542999999999985,2,-0.47644,79,39.07800000000001
274,3,-1.04784,97,59.12500000000001,3,-1.0833599999999999,97,58.317000000000014
1097,19,-8.076740000000001,350,198.87399999999985,19,-7.876519999999998,350,198.9069999999999
99,0,0.0,38,15.625999999999998,0,0.0,38,16.863999999999997
97,4,-1.92252,40,22.656,4,-1.80708,40,22.155
190,2,-0.09176,69,34.93400000000002,2,-0.27083999999999997,69,35.93300000000001
209,4,-1.8085600000000002,64,34.027,4,-1.82706,64,34.17700000000001
515,6,-2.5293200000000002,163,99.16700000000002,6,-2.53006,163,97.65399999999998
399,15,-7.217219999999999,129,68.85900000000002,15,-6.99596,129,68.65000000000003
327,11,-5.1171,112,60.565,11,-4.97872,112,60.461000000000006
600,10,-3.10172,186,94.89100000000006,10,-3.0934600000000003,186,97.05499999999998
61,1,-0.12136000000000001,22,9.813000000000002,1,-0.20646,22,10.449
205,4,-2.0675600000000003,57,29.967999999999996,4,-1.9565599999999996,57,30.066000000000003
458,15,-7.294180000000001,133,72.71499999999997,15,-7.08032,133,73.02999999999994
143,3,-1.0952,44,29.303000000000004,3,-1.147,44,28.554
169,1,-0.10804,52,26.399,1,-0.1961,52,26.703999999999997
205,1,-0.6512,73,41.084999999999994,1,-0.62752,73,40.30200000000001
167,1,-0.10804,60,33.63499999999999,1,-0.1961,60,33.48700000000001
283,3,-1.1114799999999998,91,38.49899999999999,3,-1.14182,91,41.49199999999999
1159,23,-8.64798,401,207.41599999999997,21,-8.579559999999999,401,208.42100000000008
48,1,-0.6512,21,11.973,1,-0.62752,21,12.055
63,0,0.0,17,9.546999999999999,0,0.0,17,9.561000000000002
283,7,-3.6319199999999996,76,41.21400000000001,7,-3.4557999999999995,76,41.798
83,0,0.0,33,15.156999999999998,0,0.0,33,15.902000000000003
167,2,-1.1618,49,27.064999999999998,2,-1.11444,49,26.968000000000004
372,3,-1.4940600000000002,130,66.0132,3,-1.49184,130,67.14840000000005
272,2,-0.69486,95,47.983999999999995,2,-0.66082,95,47.99999999999999
62,1,-0.59348,22,9.99,1,-0.5698,22,10.501
137,0,0.0,54,22.090999999999987,0,0.0,54,23.82800000000001
200,8,-1.64058,58,31.508000000000003,8,-2.00392,58,31.20999999999999
115,1,-0.59348,32,15.943,1,-0.5698,32,16.005
185,7,-4.11958,55,26.366000000000007,7,-3.9197800000000003,55,26.810999999999996
330,6,-2.05424,109,57.97999999999999,6,-2.04314,109,58.18999999999998
279,3,-1.9203000000000001,101,47.86900000000002,3,-1.8388999999999998,101,48.973
278,5,-2.2296199999999997,95,46.774999999999984,5,-2.2015,95,46.707
188,7,-2.9348399999999994,59,33.278,7,-3.0465799999999996,59,32.547000000000004
741,18,-7.428739999999999,241,135.28799999999995,18,-7.57488,240,133.3160000000001
202,5,-2.32804,67,33.463,5,-2.2969600000000003,67,33.968
198,6,-1.1396,68,29.881000000000004,6,-1.4318999999999997,68,31.171000000000003
125,1,-0.57276,42,24.565999999999992,1,-0.5476,42,24.146
173,2,-0.75554,48,24.761999999999993,2,-0.8317599999999999,48,24.709999999999997
132,5,-2.27254,40,18.079,5,-2.2459000000000002,40,19.142
1024,21,-8.6654,278,145.31100000000004,21,-8.596580000000001,278,145.74299999999997
155,2,-0.99308,53,24.829,2,-0.9324,53,26.099999999999994
765,6,-2.50342,263,138.08000000000004,6,-2.4679,263,138.4230000000001
207,3,-1.17158,52,28.248000000000005,2,-1.10926,52,28.539000000000005
124,0,0.0,50,24.472,0,0.0,50,24.757
54,1,-0.43807999999999997,18,10.256000000000002,1,-0.40700000000000003,18,10.171999999999999
82,1,-0.04588,25,13.419999999999998,1,-0.13541999999999998,25,13.863
297,1,-0.0925,91,52.43599999999999,1,-0.185,91,51.82500000000002
182,3,-1.7678599999999998,53,27.57499999999999,3,-1.6835,53,28.602
44,1,-0.12899999999999998,12,4.606999999999999,1,-0.013999999999999957,12,5.064
620,12,-4.940980000000001,208,115.35900000000002,12,-5.0431,208,114.23899999999998
297,4,-2.02834,96,47.28200000000002,4,-1.91808,96,47.79900000000001
108,1,-0.04588,44,17.173999999999996,1,-0.13541999999999998,44,18.785999999999994
180,0,0.0,74,33.65,0,0.0,74,34.504000000000005
704,7,-2.89044,217,114.5219999999999,7,-3.0317799999999995,217,115.6040000000001
337,6,-3.09024,110,62.653000000000006,6,-3.0628599999999997,110,61.32999999999999
142,3,-1.3875,47,25.355999999999995,3,-1.35494,47,25.383000000000003
340,5,-1.3356999999999999,100,50.003999999999984,5,-1.48,100,51.074999999999996
306,11,-5.07714,96,51.88599999999998,11,-4.96096,96,51.66
131,5,-1.67536,36,19.992999999999988,5,-1.76342,36,20.118999999999996
194,4,-1.7353,61,30.601000000000006,4,-1.6953399999999998,61,31.034999999999993
130,1,-0.33226,53,29.625,1,-0.32042,53,29.65799999999999
299,12,-4.636100000000001,72,38.787,12,-4.65608,72,38.856000000000016
310,1,-0.49802,105,51.600000000000016,1,-0.4662,105,52.238000000000014
314,3,-0.94028,118,62.79999999999999,3,-0.7709599999999999,118,63.372
302,7,-2.77352,90,44.40899999999999,7,-2.81866,90,45.709999999999994
166,6,-1.8959799999999998,59,29.70600000000001,6,-1.9713000000000003,59,30.016999999999996
732,16,-7.152100000000001,216,122.19999999999997,16,-7.049239999999999,216,119.976
335,4,-1.43634,108,47.352999999999994,4,-1.4910999999999999,108,48.80400000000004
417,8,-3.0747000000000004,136,72.35600000000001,8,-3.16498,136,72.86900000000004
159,2,-0.6215999999999999,46,22.001,2,-0.67932,46,22.506
2474,44,-19.62984,858,512.1790000000002,44,-18.976480000000002,858,499.73900000000026
122,4,-1.2099,42,17.127000000000002,4,-1.23802,42,17.978
575,11,-3.8036000000000008,175,96.32199999999999,11,-3.7540199999999992,175,94.664
475,15,-7.2372,126,79.07500000000002,15,-6.943419999999999,126,77.835
334,2,-0.77108,116,56.657,2,-0.7370399999999999,116,57.981000000000016
275,4,-1.82706,88,40.84299999999998,4,-1.75084,88,42.74500000000002
216,2,-1.0485799999999998,59,31.739999999999988,2,-0.9864200000000001,59,31.922999999999995
264,8,-3.64746,80,37.452,8,-3.5009400000000004,80,38.67499999999999
79,0,0.0,23,10.222999999999999,0,0.0,23,10.711000000000002
262,3,-1.5503,97,55.607000000000006,3,-1.5184799999999998,97,55.571000000000005
58,0,0.0,18,8.741,0,0.0,18,8.834
283,7,-2.8356799999999995,80,39.107000000000006,7,-2.8652799999999994,80,40.455
682,14,-5.40422,215,111.15700000000008,14,-5.38572,215,112.48700000000002
275,12,-4.946899999999999,107,48.390999999999984,12,-4.878080000000001,107,50.100999999999985
239,3,-1.53698,74,35.518,3,-1.46224,74,36.077999999999996
254,4,-1.17204,99,51.24700000000001,3,-1.17956,99,51.79699999999998
122,3,-1.3889799999999999,38,19.977999999999998,3,-1.3172,38,19.768999999999995
386,7,-3.26044,114,66.1,7,-3.2041999999999997,114,66.64500000000001
318,7,-2.8638000000000003,92,48.812,7,-2.8726799999999995,92,49.190999999999995
759,13,-4.644839999999999,249,139.556,13,-4.54922,249,137.75999999999996
92,2,-0.69412,34,15.591999999999997,2,-0.7437,34,16.084
137,0,0.0,43,26.714000000000006,0,0.0,43,26.328999999999994
96,2,-0.14208,33,17.917,2,-0.32042,33,18.273999999999997
93,2,-0.57794,31,16.544,2,-0.60606,31,17.254999999999995
74,1,-0.40848,21,10.619,1,-0.3774,21,10.74
196,6,-2.60332,55,27.485999999999994,6,-2.45606,55,27.634
107,1,-0.04588,41,21.145999999999997,1,-0.13541999999999998,41,21.270000000000003
326,3,-1.7500999999999998,97,50.202000000000005,3,-1.6686999999999999,97,51.475000000000016
195,5,-1.9177600000000001,80,44.95399999999999,4,-1.89366,80,44.932999999999986
127,2,-0.76306,45,24.5,2,-0.61098,45,24.286999999999992
280,3,-1.2506,99,51.28,3,-1.19362,99,51.97599999999999
127,3,-1.33348,48,24.387000000000008,3,-1.3630799999999998,48,24.938
234,3,-0.21534,70,35.054,3,-0.47878,70,35.56700000000001
308,6,-1.2794599999999998,105,44.71499999999999,6,-1.4748199999999998,105,47.06099999999999
109,3,-0.9360999999999999,38,19.955999999999992,3,-0.9716199999999999,38,19.742
51,1,-0.49802,20,9.467,1,-0.4662,20,9.741999999999999
162,2,-1.34236,54,30.391999999999992,2,-1.28612,54,30.105
102,2,-0.57424,43,19.894000000000002,2,-0.61198,43,20.617000000000004
56,1,-0.04588,17,9.501999999999999,1,-0.13541999999999998,17,9.655999999999999
210,1,-0.0074,69,37.333,1,-0.060680000000000005,69,37.891000000000005
159,1,-0.61642,71,35.746,1,-0.592,71,36.344
1439,27,-11.094120000000002,468,253.58800000000028,26,-10.80574,468,253.82699999999988
175,0,0.0,58,31.380000000000003,0,0.0,58,31.744000000000003
271,4,-0.90798,91,47.48600000000001,4,-1.0545,91,47.85900000000001
290,4,-1.04636,102,52.46499999999999,4,-1.1588399999999999,102,52.894
1034,16,-7.826980000000001,320,171.70699999999985,16,-7.56354,320,173.13300000000007
840,15,-6.619299999999999,252,139.66600000000003,15,-6.574159999999999,252,138.294
336,10,-4.166939999999999,115,57.164,10,-4.10108,115,58.42600000000001
367,3,-2.0239,112,60.90799999999999,3,-1.95878,112,60.219
166,2,-0.66452,49,26.549000000000003,2,-0.6482399999999999,49,26.392999999999994
166,2,-0.66452,49,26.549000000000003,2,-0.6482399999999999,49,26.392999999999994
118,1,-0.57424,37,19.574,1,-0.5513,37,19.54
636,25,-6.005839999999999,191,91.178,25,-6.907159999999999,191,93.41400000000003
118,1,-0.54094,45,18.834000000000003,1,-0.51208,45,20.103
287,10,-3.83764,99,54.496,10,-3.8998,99,54.45500000000001
356,6,-2.74244,118,58.79799999999997,6,-2.69582,118,59.352000000000054
52,1,-0.04588,14,7.543,1,-0.13541999999999998,14,7.7459999999999996
276,4,-1.32164,98,52.41399999999999,4,-1.32756,98,52.90900000000002
140,3,-1.3912,47,24.000000000000007,3,-1.4074799999999998,47,24.195999999999998
558,16,-7.75298,153,90.61599999999999,16,-7.556139999999999,153,89.22899999999998
386,4,-1.8759,149,81.09200000000003,4,-1.79524,149,81.78599999999999
159,0,0.0,62,34.16799999999999,0,0.0,62,33.588
49,1,-0.12358000000000001,14,5.412,1,-0.20794,14,5.982
53,1,-0.02294,20,8.998999999999999,1,-0.08879999999999999,20,9.646999999999998
168,5,-2.1275,61,29.73100000000001,5,-2.10678,61,30.235999999999986
94,0,0.0,36,17.728999999999996,0,0.0,36,18.249000000000002
161,4,-1.75232,47,24.607,4,-1.67684,47,24.613999999999997
693,14,-6.79246,222,123.01299999999995,14,-6.59636,222,122.62900000000003
472,5,-1.6945999999999999,151,77.61299999999997,5,-1.79894,151,77.65299999999999
175,2,-0.6149399999999999,56,28.679000000000013,2,-0.67414,56,29.451000000000004
162,3,-1.1040800000000002,54,24.664,3,-1.1285,54,25.597999999999995
141,1,-0.04588,47,28.693,1,-0.13541999999999998,47,28.303000000000004
257,9,-3.7932400000000004,60,30.427999999999997,9,-3.7510600000000003,60,30.838
116,5,-2.2310999999999996,29,17.326999999999998,5,-2.1963199999999996,29,16.793
189,2,-0.9279599999999999,71,32.8,2,-0.8961399999999999,71,34.033
325,1,-0.41514,119,65.01100000000001,1,-0.38480000000000003,119,65.26600000000002
152,2,-0.9864200000000001,55,26.375000000000007,2,-0.92426,55,26.57600000000001
198,6,-2.75576,68,35.583,6,-2.71876,68,35.576999999999984
149,4,-1.38972,38,20.679000000000002,4,-1.47334,38,20.721999999999998
10,0,0.0,6,2.323,0,0.0,6,2.449
214,0,0.0,77,37.466000000000015,0,0.0,77,38.36700000000001
173,5,-2.23554,57,30.292000000000012,5,-2.1793,57,30.240999999999996
342,3,-1.74344,126,65.294,3,-1.66204,126,66.29700000000003
48,0,0.0,17,7.4110000000000005,0,0.0,17,7.751999999999999
118,0,0.0,59,36.711,0,0.0,59,35.60399999999999
37,1,-0.04299999999999998,13,7.364,0,0.0,13,7.394999999999999
87,1,-0.5394599999999999,29,13.318000000000001,1,-0.50986,29,13.958999999999998
363,4,-1.5554800000000002,135,74.62,4,-1.47778,135,73.51600000000003
363,4,-1.5554800000000002,135,74.62,4,-1.47778,135,73.51600000000003
121,2,-0.6808,42,23.313000000000002,2,-0.68302,42,23.093000000000004
893,10,-3.99008,282,154.00500000000008,10,-3.8990600000000004,282,152.211
404,10,-3.1606599999999996,159,83.69199999999995,10,-3.1921000000000004,159,84.602
1617,34,-16.31982,553,312.05600000000055,33,-15.67748,553,310.3110000000001
162,1,-0.69412,56,27.953,1,-0.6771,56,28.485999999999997
183,7,-2.57522,70,33.95399999999999,7,-2.5227399999999998,70,34.43
571,11,-4.79002,190,104.46100000000003,11,-4.7434,190,103.79499999999999
183,5,-2.40056,69,34.26400000000001,5,-2.38502,69,34.387
766,24,-11.00288,186,105.735,24,-10.693340000000001,186,105.73600000000005
115,4,-1.6102400000000001,43,17.213000000000005,4,-1.5576999999999999,43,18.576999999999998
305,3,-0.9849399999999999,111,58.25999999999999,3,-1.00788,111,58.168000000000006
465,5,-2.26958,150,78.60200000000002,5,-2.24294,150,78.833
274,4,-1.49924,89,45.352000000000004,4,-1.47408,89,45.88099999999999
90,3,-1.4578,24,9.588999999999999,3,-1.4230200000000002,24,10.221999999999998
214,3,-1.12184,66,34.27400000000001,3,-1.1507,66,34.31200000000001
364,12,-4.9017599999999995,121,63.88600000000002,12,-4.89436,121,64.22399999999999
92,7,-3.3581200000000004,23,13.552000000000001,7,-3.39142,23,13.785
251,2,-1.06782,97,53.274999999999984,2,-1.0130599999999998,97,52.927000000000014
54,2,-1.04562,15,6.6129999999999995,2,-0.9856799999999999,15,6.961
85,4,-2.2343800000000003,39,18.858000000000008,4,-2.0795,39,19.317000000000004
85,1,-0.48544000000000004,28,12.475999999999997,1,-0.45361999999999997,28,13.355999999999998
197,3,-0.26936,65,38.44700000000001,3,-0.5342800000000001,65,37.82600000000001
65,0,0.0,21,9.887999999999998,0,0.0,21,10.149999999999999
17,1,-0.04588,5,3.3619999999999997,1,-0.13541999999999998,5,3.321
333,7,-2.58704,107,52.28200000000001,7,-2.5751999999999993,107,52.514
633,21,-9.170080000000002,171,93.605,21,-8.937719999999999,171,93.05799999999999
109,6,-2.6144199999999995,27,14.556000000000001,6,-2.60702,27,14.530000000000001
140,1,-0.16206,39,18.652,1,-0.23013999999999998,39,19.068
228,3,-1.01676,62,35.354000000000006,3,-1.01824,62,35.26600000000001
114,2,-1.30092,35,18.186000000000003,2,-1.24172,35,18.145
124,2,-0.98346,35,16.416,2,-0.92426,35,17.311
165,5,-1.8920599999999999,58,29.791000000000004,4,-1.86036,58,29.93500000000001
60,0,0.0,15,6.858,0,0.0,15,7.393999999999999
212,4,-1.10482,70,39.09,4,-1.23062,70,38.91000000000001
208,13,-5.94294,47,22.165999999999993,13,-5.706879999999999,47,23.254
68,2,-0.8399,30,13.921000000000003,2,-0.8561799999999999,30,14.327000000000002
581,12,-4.816599999999999,191,104.04899999999999,12,-4.66514,191,103.13300000000002
407,9,-4.51548,134,80.24100000000006,9,-4.4844,134,79.51300000000003
52,1,-0.50098,11,6.762000000000001,1,-0.47064,11,6.669
41,0,0.0,8,4.194,0,0.0,8,4.264
127,1,-0.04588,39,16.507999999999996,1,-0.13541999999999998,39,17.555999999999997
185,2,-1.0870600000000001,65,33.85400000000001,2,-1.0300799999999999,65,33.846000000000004
454,6,-2.2947400000000004,121,67.914,6,-2.4160999999999997,121,68.65800000000003
204,7,-2.701,56,29.014000000000003,7,-2.64402,56,29.983
116,0,0.0,47,23.52100000000001,0,0.0,47,23.855999999999998
328,4,-0.93684,123,61.85400000000001,4,-1.1654999999999998,123,62.37000000000001
301,3,-1.1322,95,50.88299999999999,3,-1.16106,95,50.60500000000001
835,15,-6.562320000000001,263,138.14000000000001,15,-6.42616,263,140.505
229,5,-2.4671600000000002,77,41.49599999999999,5,-2.368,77,41.286000000000016
418,15,-5.82006,123,62.24599999999998,14,-5.6013399999999995,123,62.979
198,6,-2.19262,62,27.872000000000003,6,-2.1904,62,28.235
193,2,-0.81918,65,31.744000000000007,2,-0.80216,65,32.022999999999996
74,1,-0.50098,14,4.882000000000001,1,-0.4699,14,5.448999999999999
135,2,-1.01084,50,21.611,2,-1.08484,50,22.879000000000005
110,0,0.0,50,25.468,0,0.0,50,25.714000000000002
298,2,-1.0249,93,51.334,2,-0.9767999999999999,93,50.529000000000025
116,1,-0.04588,34,15.273000000000001,1,-0.13541999999999998,34,16.095
97,0,0.0,36,17.939179999999997,0,0.0,36,18.271739999999998
294,3,-1.5939599999999998,122,65.586,3,-1.5088599999999999,122,66.33800000000004
3094,51,-19.94124,1093,575.1430000000003,50,-19.88010000000001,1093,575.6229999999999
232,2,-0.76738,74,38.419999999999995,2,-0.80734,74,39.59499999999999
624,9,-4.394119999999999,212,117.38300000000007,9,-4.22022,212,116.28599999999999
270,3,-1.7094,93,43.677,3,-1.6169,93,44.33900000000001
322,11,-3.9893400000000003,88,43.78299999999998,11,-3.9826799999999998,88,44.241
97,0,0.0,47,21.126999999999995,0,0.0,47,21.608000000000004
229,5,-2.4227600000000002,80,44.705999999999996,5,-2.36726,80,44.88500000000001
261,6,-2.66276,75,36.87099999999999,6,-2.4204799999999995,75,37.864000000000004
189,4,-1.7360399999999998,72,39.09899999999999,4,-1.6983000000000001,72,38.86299999999999
200,3,-0.77046,62,31.62500000000001,3,-0.7083999999999999,62,32.071
557,15,-5.25696,169,87.49399999999999,15,-5.42568,169,87.96499999999993
39,1,-0.30857999999999997,9,5.460999999999999,1,-0.30413999999999997,9,5.399
98,5,-2.1659800000000002,29,13.130999999999998,5,-2.14378,29,13.758999999999999
145,1,-0.47804,45,22.194,1,-0.44695999999999997,45,22.7
158,2,-1.16698,60,32.827000000000005,2,-1.11222,60,32.81600000000001
129,5,-1.62652,41,20.647000000000006,5,-1.65242,41,20.923
240,5,-2.1408199999999997,93,48.54700000000001,5,-2.06164,93,48.76999999999998
55,0,0.0,20,9.123,0,0.0,20,9.796
753,22,-8.74606,206,133.55999999999983,22,-8.99988,206,130.15299999999993
417,15,-6.3070200000000005,117,67.77399999999997,15,-6.18788,117,66.026
137,3,-1.15736,46,23.338000000000008,3,-1.17956,46,23.600000000000005
120,0,0.0,36,19.380999999999997,0,0.0,36,19.848
101,1,-0.27972,36,17.184,1,-0.2886,36,17.508
119,2,-1.18992,46,22.313000000000002,2,-1.1403400000000001,46,23.276000000000007
93,1,-0.6475,30,13.228,1,-0.6215999999999999,30,14.136999999999997
63,1,-0.67932,16,8.76,1,-0.66156,16,8.745000000000001
55,0,0.0,20,12.869,0,0.0,20,12.635000000000002
180,4,-1.34828,61,31.490000000000002,4,-1.39194,61,31.614
144,1,-0.50098,40,23.236,1,-0.47064,40,22.889
42,1,-0.04588,14,4.151,1,-0.13541999999999998,14,4.946000000000001
145,3,-1.14132,45,22.501,3,-0.88156,45,22.91
321,4,-1.88206,94,52.654,3,-1.80042,94,52.09000000000001
235,4,-0.9435,83,40.408999999999985,4,-1.05302,83,40.993
207,4,-0.91908,63,37.734999999999985,4,-1.05524,63,37.50699999999999
53,0,0.0,18,9.024,0,0.0,18,9.061000000000002
192,4,-2.03056,58,32.13900000000001,4,-1.9743199999999996,58,32.679
147,3,-1.31202,50,25.346,3,-1.34754,50,25.695000000000004
94,1,-0.04588,36,17.609,1,-0.13541999999999998,36,18.028
231,5,-1.6012799999999998,67,32.608000000000004,5,-1.5513,67,33.586000000000006
69,0,0.0,27,13.485999999999997,0,0.0,27,13.917
90,4,-2.26736,19,11.417,4,-2.23332,19,11.279999999999998
79,1,-0.4884,34,16.71,1,-0.45732,34,16.648000000000007
156,1,-0.31598,51,28.961000000000006,1,-0.30857999999999997,51,28.287999999999997
756,16,-6.51052,208,111.52099999999992,16,-6.498679999999999,208,110.19000000000003
238,7,-3.6963,91,44.559000000000005,7,-3.51056,91,45.24000000000001
356,4,-1.6161599999999998,111,54.373999999999995,4,-1.60284,111,54.625
612,13,-6.031739999999998,194,112.38500000000003,13,-5.84378,194,111.08000000000003
241,4,-1.8929200000000002,70,37.26800000000001,4,-1.77304,70,37.465
265,5,-1.9950400000000001,92,48.43000000000001,5,-1.97802,92,49.146
98,3,-1.25874,35,16.19,3,-1.26096,35,16.926
583,10,-4.625,169,77.17000000000002,10,-4.423259999999999,169,79.49700000000001
214,4,-1.1780799999999998,71,34.669,4,-1.2350599999999998,71,35.63900000000002
210,3,-1.8847800000000001,80,42.964999999999996,3,-1.81744,80,42.501000000000005
77,4,-1.6502000000000001,22,11.486,4,-1.65242,22,11.537000000000003
705,16,-6.586860000000001,225,116.88100000000001,16,-6.54134,225,117.33800000000005
214,7,-2.37318,70,35.032999999999994,7,-2.56854,70,35.519
17,0,0.0,7,2.672,0,0.0,7,3.025
103,0,0.0,35,21.388,0,0.0,35,21.03
169,10,-4.10782,49,26.980000000000008,9,-4.141039999999999,49,26.924999999999997
169,10,-4.10782,49,26.980000000000008,9,-4.141039999999999,49,26.924999999999997
234,7,-2.6573400000000005,69,28.037000000000003,7,-2.6484599999999996,69,30.285999999999994
240,10,-4.0233799999999995,85,44.558,10,-4.12106,85,44.158
112,3,-1.0744799999999999,30,13.757999999999996,3,-1.11814,30,14.433999999999997
1935,35,-16.38656,544,304.7180000000003,35,-16.017300000000006,544,303.1189999999999
302,13,-3.4165799999999997,99,54.81300000000004,13,-3.9123799999999997,99,54.679
207,5,-1.59026,69,36.157999999999994,5,-1.69312,69,36.649
209,6,-3.2153,64,32.446999999999996,6,-3.1257599999999996,64,32.564
441,11,-4.27128,147,76.19599999999998,11,-4.3593399999999995,147,76.58199999999998
285,5,-2.3236,102,56.39799999999999,5,-2.2792,102,55.491000000000035
253,6,-2.2392399999999997,76,41.14399999999999,6,-2.3236,76,40.90199999999998
330,11,-3.8481199999999998,112,52.089000000000006,11,-3.7979,112,54.31700000000001
387,9,-3.8775999999999997,111,61.77999999999998,9,-3.8739,111,61.10700000000001
246,2,-1.15884,91,43.85600000000001,2,-1.10556,91,44.752999999999986
53,3,-0.5772,19,8.259,3,-0.72076,19,8.865
98,2,-1.17956,27,13.047999999999995,2,-1.13072,27,13.616
141,4,-2.01206,40,19.487,4,-2.0246399999999998,40,20.349
142,5,-2.71654,42,20.386000000000003,5,-2.68694,42,21.085
144,4,-1.95582,45,23.573,4,-1.84334,45,24.05700000000001
245,4,-2.0061400000000003,80,42.714999999999996,4,-2.0142800000000003,80,42.94900000000002
192,2,-0.6623,72,38.99200000000002,2,-0.72742,72,39.55000000000001
111,3,-0.8887400000000001,34,14.602999999999994,3,-0.99974,34,15.824
53,0,0.0,17,10.058,0,0.0,17,10.206
110,3,-0.8325,30,15.879999999999999,3,-0.9997400000000001,30,15.832
881,15,-6.2552200000000004,259,140.33100000000002,15,-6.1212800000000005,259,140.8290000000001
151,3,-1.8751600000000002,51,24.562000000000012,3,-1.79302,51,25.391
119,0,0.0,46,22.254,0,0.0,46,22.964000000000002
214,7,-2.9896000000000003,79,45.03900000000001,7,-2.90006,79,45.19800000000001
327,3,-0.60902,101,50.46200000000002,3,-0.7555400000000001,101,51.63
223,5,-2.58482,67,32.591,5,-2.45162,67,33.216
546,9,-3.8132199999999994,175,84.69299999999996,9,-3.81396,175,86.84299999999996
32,0,0.0,9,3.35,0,0.0,9,3.698
40,0,0.0,16,7.267,0,0.0,16,7.537999999999999
71,0,0.0,20,7.712999999999999,0,0.0,20,8.408
89,2,-1.37196,25,12.043000000000001,2,-1.33792,25,12.414
125,6,-2.553,27,17.846,6,-2.49898,27,17.387
151,4,-2.2651399999999997,41,19.352000000000007,4,-2.1593199999999997,41,19.772
75,3,-0.67784,29,15.989,3,-0.8325,29,15.926999999999998
166,2,-0.72668,66,34.70099999999999,2,-0.70818,66,34.987
128,2,-0.24947999999999998,34,16.119,2,-0.21258,34,16.696
135,2,-1.05006,39,17.880000000000003,2,-0.9938199999999999,39,18.567000000000007
77,0,0.0,23,13.405999999999997,0,0.0,23,13.669999999999996
130,5,-2.41314,41,19.897,5,-2.29474,41,20.482
388,8,-2.9992199999999993,118,55.089,8,-3.0569399999999995,118,57.321000000000005
291,6,-1.9114199999999997,90,40.99499999999999,6,-2.07422,90,42.14300000000002
219,2,-1.06486,89,49.58999999999999,2,-1.0041799999999999,89,49.68399999999999
143,1,-0.50616,52,23.828999999999994,1,-0.47582,52,24.452000000000005
334,11,-4.806300000000001,95,51.54500000000001,11,-4.67902,95,50.98000000000002
22,1,-0.04588,8,4.204,1,-0.13541999999999998,8,4.083
22,1,-0.04588,8,4.204,1,-0.13541999999999998,8,4.083
22,1,-0.04588,8,4.204,1,-0.13541999999999998,8,4.083
22,1,-0.04588,8,4.204,1,-0.13541999999999998,8,4.083
22,1,-0.04588,8,4.204,1,-0.13541999999999998,8,4.083
22,1,-0.04588,8,4.204,1,-0.13541999999999998,8,4.083
22,1,-0.04588,8,4.204,1,-0.13541999999999998,8,4.083
300,9,-3.77712,89,46.17599999999999,8,-3.6585599999999996,89,46.219999999999985
245,3,-1.16402,89,46.34099999999999,3,-1.19214,89,46.346000000000004
96,6,-2.48344,25,11.891000000000002,6,-2.4775199999999997,25,11.987999999999996
252,8,-3.0040400000000003,58,27.959999999999997,8,-2.86924,58,28.770999999999994
2220,38,-13.0192,835,463.3220000000013,38,-13.20874,835,461.3269999999988
149,3,-0.68894,53,28.050000000000004,3,-0.83694,53,28.679000000000002
739,15,-7.127679999999999,189,103.08300000000007,15,-6.952299999999999,189,102.46899999999998
259,0,0.0,80,39.734000000000016,0,0.0,80,40.186
33,2,-0.7629400000000001,13,5.521,2,-0.78514,13,5.861
216,4,-1.89736,72,39.96799999999999,4,-1.9092,72,39.85900000000001
334,11,-4.73394,113,56.261,11,-4.502419999999999,113,57.03700000000001
144,5,-2.63588,49,26.287999999999997,5,-2.4960199999999997,49,26.171
235,4,-1.3179400000000001,83,41.91099999999999,4,-1.35124,83,42.10999999999999
229,5,-2.40722,68,35.72900000000001,5,-2.25182,68,35.782000000000004
139,2,-0.67266,59,28.994,2,-0.6586000000000001,59,28.941999999999986
229,7,-3.76586,70,36.73500000000001,7,-3.6274800000000003,70,36.93600000000001
206,0,0.0,86,41.04100000000001,0,0.0,86,41.59400000000001
37,2,-0.78588,12,4.789,2,-0.73926,12,5.076999999999999
125,3,-1.7478799999999999,35,18.109,3,-1.6613,35,18.186999999999998
116,0,0.0,38,20.123000000000005,0,0.0,38,19.798000000000002
518,13,-4.448880000000001,185,99.16200000000002,13,-4.5436000000000005,185,99.342
295,5,-2.32582,85,43.809000000000005,5,-2.32656,85,45.17599999999999
347,5,-2.93706,117,63.516000000000005,5,-2.81348,117,64.375
447,10,-3.71258,148,74.42800000000001,10,-4.0145,148,75.39800000000004
238,8,-3.2323199999999996,104,55.70700000000001,8,-3.2737600000000002,104,55.309
186,0,0.0,68,30.723000000000006,0,0.0,68,32.343
175,3,-1.71902,53,27.339000000000002,3,-1.63984,53,27.348999999999997
257,4,-2.0956799999999998,81,40.89400000000001,4,-1.9906000000000001,81,41.769000000000005
203,5,-1.75158,78,39.81100000000003,5,-1.84334,78,40.454
966,17,-8.68834,314,175.097,17,-8.384939999999999,314,173.97700000000015
187,1,-0.49802,59,29.207,1,-0.4662,59,29.641
79,2,-0.8036399999999999,22,11.873000000000001,2,-0.78514,22,12.068999999999997
685,9,-4.42816,220,124.349,9,-4.2587,220,122.91499999999998
202,4,-1.7397399999999998,78,39.012000000000015,4,-1.74936,78,38.73799999999999
513,8,-3.2085,182,96.04299999999998,8,-3.0168999999999997,182,97.80899999999998
116,0,0.0,44,26.438000000000002,0,0.0,44,25.531000000000002
89,1,-0.6401,27,17.475,1,-0.6149399999999999,27,17.004
275,5,-1.41562,84,45.14,5,-1.5318,84,46.00000000000001
97,2,-0.19832,32,17.009,2,-0.38036000000000003,32,17.192
791,19,-7.744579999999999,239,130.10100000000003,19,-7.55898,239,130.81900000000005
169,2,-0.6623,56,30.251,2,-0.72742,56,30.21599999999999
188,5,-1.42672,66,30.79300000000001,5,-1.5184799999999998,66,31.909999999999993
180,9,-4.52732,54,27.144000000000002,9,-4.3770999999999995,54,27.346999999999994
491,8,-3.05028,158,81.83000000000004,8,-3.1146599999999998,158,82.42900000000002
107,3,-1.4592800000000001,43,24.420999999999992,3,-1.4037799999999998,43,24.229000000000003
264,9,-4.303800000000001,92,52.555999999999976,9,-3.9859600000000004,92,51.13499999999997
69,0,0.0,35,13.852,0,0.0,35,14.825999999999999
37,0,0.0,16,5.76,0,0.0,16,6.696
154,0,0.0,46,27.492000000000004,0,0.0,46,27.287999999999997
249,6,-3.09812,84,48.013999999999996,6,-2.9680199999999997,84,47.47699999999998
46,1,-0.03108,15,5.486,1,-0.10655999999999999,15,6.077999999999999
530,8,-3.45802,180,94.26200000000004,8,-3.5105600000000003,180,94.95200000000003
533,10,-3.38938,172,94.67099999999998,9,-3.3662599999999996,172,93.44799999999998
484,12,-5.100960000000001,164,78.578,11,-4.957,163,80.82799999999995
193,4,-1.6428,57,31.231,4,-1.6169,57,30.642999999999994
352,11,-3.6746399999999997,97,56.257999999999996,11,-3.7236599999999993,97,55.12500000000001
96,0,0.0,37,18.595999999999997,0,0.0,37,18.686000000000007
146,1,-0.37,36,15.897,1,-0.34928,36,16.962
34,0,0.0,9,3.767,0,0.0,9,4.114
240,6,-2.45458,80,39.82,6,-2.4531,80,40.686000000000014
309,7,-2.2111199999999998,95,48.75300000000001,7,-2.32212,95,49.592999999999996
125,2,-0.81918,49,22.491999999999994,2,-0.84138,49,23.540999999999997
181,2,-1.1018599999999998,65,31.132,2,-1.04488,65,32.03
235,1,-0.27749999999999997,90,46.91400000000001,1,-0.28712,90,46.703
170,2,-0.57794,60,28.34900000000001,2,-0.63788,60,28.88400000000001
105,5,-2.32508,29,17.63,5,-2.29918,29,17.413000000000004
127,2,-0.7015199999999999,40,21.173,2,-0.6896800000000001,40,21.363
5619,106,-45.97708,1828,1039.1599999999983,104,-44.57783999999997,1828,1029.2510000000004
243,2,-0.9982599999999999,92,48.45699999999997,2,-0.94424,92,48.739999999999995
265,4,-1.4837,90,47.45800000000001,4,-1.517,90,47.722000000000016
248,6,-2.4368200000000004,88,41.909000000000006,6,-2.38058,88,43.141000000000005
103,3,-1.1156199999999998,24,11.593999999999998,2,-1.02934,24,11.808999999999997
191,4,-2.0320400000000003,58,30.090000000000003,4,-1.9092,58,30.976000000000006
200,3,-1.1359,60,33.73900000000001,3,-1.17142,60,33.55199999999999
323,5,-1.6945999999999999,109,52.924000000000014,5,-1.8056000000000003,109,53.101
404,3,-1.1916799999999999,124,69.24300000000001,3,-1.02918,124,69.00500000000001
132,4,-1.57102,40,20.385000000000005,4,-1.5539999999999998,40,20.278000000000006
183,5,-1.57044,55,28.507,4,-1.58952,55,28.621000000000002
934,13,-5.71502,288,160.06099999999998,13,-5.60624,288,160.49400000000006
114,0,0.0,46,23.530999999999995,0,0.0,46,23.811
114,0,0.0,46,23.530999999999995,0,0.0,46,23.811
168,3,-0.30091999999999997,60,30.216000000000005,3,-0.36025999999999997,60,31.027000000000005
73,1,-0.20794,30,12.381999999999996,1,-0.25604,30,13.244999999999997
436,7,-3.99304,155,74.78799999999998,7,-3.80582,155,77.135
138,0,0.0,58,28.518000000000008,0,0.0,58,29.272000000000002
166,3,-0.3463399999999999,59,30.855,2,-0.38924,59,31.267000000000014
172,1,-0.5394599999999999,52,25.349000000000004,1,-0.5105999999999999,52,26.433000000000003
63,1,-0.10804,22,9.062999999999999,1,-0.1961,22,9.86
224,10,-3.8472600000000003,60,32.020999999999994,10,-3.8850000000000002,60,31.772000000000016
329,4,-1.55326,111,52.327,4,-1.5362399999999998,111,53.766999999999996
438,7,-2.55152,151,82.262,7,-2.5678,151,81.84299999999996
863,21,-10.143180000000001,263,145.39800000000008,21,-9.72286,263,144.032
303,4,-1.29352,115,54.44399999999998,4,-1.33348,115,56.008
162,4,-1.9913399999999999,52,24.064000000000007,4,-2.0091,52,24.840999999999998
90,2,-1.07152,27,12.705,2,-1.0175,27,13.073000000000002
397,8,-3.43286,121,62.52799999999999,8,-3.26118,121,63.796
235,2,-0.70226,72,37.38099999999999,2,-0.6800600000000001,72,37.907
113,2,-1.2839,35,21.244000000000003,2,-1.2446799999999998,35,20.886999999999997
266,1,-0.42253999999999997,100,46.39900000000001,1,-0.39146000000000003,100,48.28200000000001
43,0,0.0,18,7.573000000000001,0,0.0,18,8.075999999999999
167,1,-0.61642,53,29.224000000000004,1,-0.592,53,29.651000000000007
169,8,-2.87416,54,23.846000000000004,8,-2.93928,54,25.076999999999995
71,3,-0.98272,22,9.978,3,-1.00122,22,10.466000000000001
208,4,-1.64946,81,40.612,4,-1.6590799999999999,81,41.00599999999999
87,1,-0.481,25,13.664,1,-0.44992,25,13.598
86,6,-3.03622,24,13.129999999999999,6,-2.90228,24,13.152000000000001
153,5,-1.98764,40,21.878999999999998,5,-1.9624799999999998,40,21.827999999999996
136,1,-0.0999,46,25.403999999999996,1,-0.19092,46,25.109
225,11,-5.0489,62,32.55000000000001,10,-4.87364,62,32.614999999999995
1057,34,-14.973539999999993,360,198.1390000000001,34,-14.52642,360,196.72899999999987
266,6,-2.7824,99,57.848,6,-2.6750999999999996,99,56.83300000000001
96,1,-0.23099999999999998,18,9.249,1,-0.10999999999999999,18,9.376999999999999
46,1,-0.29304,20,8.987,1,-0.29452,20,9.437999999999999
517,6,-2.7365200000000005,191,99.48100000000005,6,-2.62996,191,99.57099999999998
283,9,-2.92596,90,47.35100000000001,9,-3.1583200000000002,90,47.551999999999985
193,4,-1.47556,58,30.848000000000003,4,-1.48148,58,31.37
159,7,-3.1790400000000005,51,23.95500000000001,7,-3.07692,51,24.661
346,8,-4.25278,108,54.343,8,-4.0411399999999995,108,55.696999999999996
528,11,-5.0749200000000005,133,73.23499999999997,11,-5.037180000000001,133,73.70399999999998
162,3,-1.20472,48,24.525000000000002,3,-1.16254,48,25.127000000000002
196,3,-1.06486,73,38.94200000000001,3,-1.07596,73,39.077000000000005
282,5,-1.8906999999999998,88,40.953999999999986,5,-1.89588,88,42.17199999999999
365,7,-3.0673000000000004,146,73.53999999999996,7,-3.10578,146,73.95100000000001
128,5,-1.94324,42,20.233,5,-1.85148,42,20.767999999999994
292,5,-2.03574,88,48.11400000000001,5,-2.02612,88,48.47500000000002
121,1,-0.33966,40,20.241999999999997,1,-0.3256,40,20.252999999999997
296,7,-2.95038,82,41.94200000000001,7,-2.8837799999999993,82,42.547000000000004
131,3,-1.4148800000000001,48,26.857,3,-1.40526,48,26.941
177,4,-1.94472,61,35.18299999999999,4,-1.8721999999999999,61,34.93000000000001
156,4,-2.12528,62,34.23800000000001,4,-2.0128,62,34.49599999999999
261,2,-0.73132,91,46.544000000000004,1,-0.66156,91,47.13700000000001
273,7,-2.6233,97,46.391999999999996,7,-2.664,97,47.32700000000002
1059,15,-6.8423,347,183.9690000000002,14,-6.60154,347,183.94199999999987
112,3,-1.25356,35,16.241999999999997,3,-1.19732,35,16.801
97,3,-1.5288400000000002,31,15.524999999999999,3,-1.48518,31,15.895
177,4,-1.70274,71,36.272,4,-1.71754,71,36.58499999999998
281,18,-7.380019999999999,81,37.739999999999995,18,-7.2076,81,38.63399999999999
81,0,0.0,33,16.826999999999998,0,0.0,33,17.088
142,0,0.0,73,36.482000000000006,0,0.0,73,37.13800000000001
1253,22,-9.448320000000002,421,226.12800000000001,22,-9.213000000000001,421,225.1860000000001
1023,29,-12.764259999999995,314,167.69500000000008,29,-12.747239999999994,314,167.321
382,16,-7.98186,121,65.78999999999999,16,-7.60154,121,65.91799999999998
253,5,-2.25626,93,44.96099999999997,5,-2.2348,93,45.70799999999999
131,0,0.0,44,18.393,0,0.0,44,19.931000000000004
63,0,0.0,26,10.881999999999998,0,0.0,26,11.815
273,6,-3.02512,83,45.538,6,-2.9444600000000003,83,45.57200000000002
53,2,-0.90724,14,5.871,2,-0.85248,14,6.373000000000001
77,1,-0.03108,22,9.753,1,-0.10655999999999999,22,10.155
114,5,-2.00466,36,22.52799999999999,5,-1.9891199999999998,36,22.398999999999997
657,8,-3.30928,256,135.97099999999995,8,-3.3240799999999995,256,135.37899999999988
319,10,-5.903720000000001,105,53.709999999999994,10,-5.6425,105,54.37800000000002
189,9,-3.8502199999999998,50,24.402000000000008,9,-3.8139599999999994,50,24.693
339,14,-5.475260000000001,97,48.24999999999999,14,-5.73796,97,50.376000000000005
65,2,-1.00196,22,12.957999999999998,2,-0.94794,22,12.726
71,0,0.0,30,15.729,0,0.0,30,15.875999999999998
65,0,0.0,24,14.657,0,0.0,24,14.147000000000002
395,12,-4.20868,113,59.287,11,-3.965479999999999,113,59.818000000000005
77,3,-1.1026,18,9.565999999999999,3,-1.12332,18,9.517
143,2,-0.55648,48,26.238999999999994,2,-0.61642,48,26.146000000000008
134,2,-0.67192,53,24.346999999999994,2,-0.7363,53,25.124000000000002
270,4,-2.19484,91,51.75899999999998,4,-2.08384,91,51.46099999999999
224,8,-2.52414,57,31.883,8,-2.7912799999999995,57,31.596
122,2,-0.73642,43,21.878,2,-0.601,43,22.077000000000005
280,7,-3.6178599999999994,94,48.163999999999994,7,-3.4099199999999996,94,49.06100000000002
196,6,-2.1422999999999996,69,33.851000000000006,6,-2.2029799999999997,69,34.596000000000004
206,4,-1.4091399999999998,74,41.77900000000001,3,-1.258,74,41.071
65,2,-1.02046,22,9.302,2,-0.9671799999999999,22,9.539999999999997
120,8,-4.39042,30,14.642000000000001,8,-4.3364,30,14.892999999999997
110,3,-0.6497200000000001,40,17.301,3,-0.79106,40,18.003
137,3,-1.6635199999999999,43,22.297,3,-1.59396,43,22.078
416,15,-6.23006,146,77.03800000000001,15,-6.3085,146,77.954
234,6,-2.3546799999999997,76,39.84299999999998,7,-2.42868,76,40.937000000000005
170,9,-4.2661,50,28.421,9,-4.2187399999999995,50,28.065000000000005
182,1,-0.147,57,29.67800000000001,1,-0.02799999999999997,57,29.737000000000002
281,6,-3.11318,95,50.199000000000005,6,-2.98812,95,50.307000000000016
97,3,-0.6778599999999999,27,13.329999999999998,3,-0.6105799999999999,27,13.537999999999997
159,3,-0.83102,60,28.541,3,-0.8976200000000001,60,29.697999999999997
123,1,-0.48544000000000004,47,24.976999999999997,1,-0.45361999999999997,47,25.739000000000008
230,3,-0.6697,84,39.681000000000004,3,-0.7880999999999999,84,41.82700000000002
345,5,-2.0734799999999995,96,47.077999999999996,5,-2.03722,96,47.67400000000002
172,4,-2.42276,41,20.144,4,-2.31324,41,20.343999999999998
107,5,-2.6247800000000003,36,18.151,5,-2.48714,36,18.863
1237,26,-10.148359999999998,391,231.39199999999988,26,-10.29932,391,227.05600000000007
72,1,-0.5476,30,18.960999999999995,1,-0.5194799999999999,30,18.564999999999994
476,10,-4.44222,136,82.84400000000002,10,-4.41558,136,81.02199999999998
349,14,-5.84378,100,54.768999999999984,14,-5.95774,100,54.49500000000002
1013,18,-7.946860000000001,308,173.30800000000002,18,-7.71968,308,171.87499999999994
521,6,-2.7875799999999993,168,86.16300000000001,6,-2.73578,168,87.10800000000003
824,11,-4.97206,283,143.455,11,-4.818140000000001,283,143.67499999999995
209,5,-1.9632200000000002,81,41.91200000000001,5,-2.0276,81,42.865
116,4,-2.06164,34,16.496000000000002,4,-1.9684,34,17.091000000000005
203,1,-0.53206,68,34.129000000000005,1,-0.50098,68,34.42799999999999
173,1,-0.43807999999999997,58,30.98599999999999,1,-0.40626,58,30.790000000000003
116,2,-0.32337999999999995,40,21.518999999999995,2,-0.42254,40,21.145000000000003
155,6,-1.887,46,22.354999999999997,6,-2.0616399999999997,46,22.763000000000005
288,4,-0.9388599999999999,92,48.902000000000015,4,-1.0163,92,48.61800000000001
106,3,-0.91614,24,9.753,3,-0.81186,24,10.584
536,10,-4.44944,167,85.93800000000003,9,-4.3031,167,87.72100000000003
161,5,-1.08114,46,20.135000000000005,5,-1.21138,46,21.365
268,6,-2.88748,76,38.033000000000015,6,-2.8519599999999996,76,38.881
90,2,-1.01528,30,13.652000000000001,2,-0.9538599999999999,30,14.604999999999999
45,1,-0.47804,11,3.6480000000000006,1,-0.44992,11,4.133
727,9,-2.3118600000000002,238,127.69600000000001,9,-2.4663999999999997,238,129.15800000000004
674,19,-7.29518,179,94.64400000000003,18,-7.183179999999999,179,95.29299999999996
157,0,0.0,53,29.815000000000005,0,0.0,53,29.961
256,12,-4.235759999999999,89,42.376999999999995,12,-4.473300000000001,89,43.76099999999999
312,5,-2.38428,91,51.34,6,-2.32508,91,50.939
145,2,-1.0596800000000002,45,22.712999999999994,2,-0.9982599999999999,45,22.90300000000001
123,3,-1.44448,33,19.186,3,-1.35124,33,19.423000000000002
33,1,-0.17759999999999998,9,4.023,1,-0.23976,9,4.298
165,5,-1.4881399999999998,52,24.641000000000005,5,-1.5495599999999998,52,24.579000000000004
112,3,-1.443,34,17.353,3,-1.37714,34,17.595999999999997
286,6,-2.3502399999999994,87,40.791000000000004,6,-2.24072,87,42.159000000000006
246,5,-2.68916,78,44.548,5,-2.6899,78,44.097000000000016
180,8,-3.7803999999999998,40,18.482000000000003,8,-3.5992400000000004,40,19.232999999999997
129,3,-0.5239199999999999,37,15.491999999999996,3,-0.6571199999999999,37,16.419999999999998
333,6,-2.997,86,44.43500000000001,6,-2.8726800000000003,86,44.3
181,2,-0.5755999999999999,66,36.09,1,-0.518,66,35.672999999999995
448,10,-5.81714,126,69.51999999999997,10,-5.54926,126,68.56500000000004
605,12,-3.6089800000000003,197,88.15600000000003,12,-3.8553999999999995,197,91.83400000000003
605,12,-3.6089800000000003,197,88.15600000000003,12,-3.8553999999999995,197,91.83400000000003
82,0,0.0,32,15.199999999999998,0,0.0,32,15.955000000000002
121,1,-0.54908,34,13.098999999999998,1,-0.53576,34,14.912999999999998
170,8,-3.89018,51,26.376000000000005,8,-3.7288600000000005,51,26.522000000000006
123,3,-0.6586,43,22.709,3,-0.7814399999999999,43,22.669999999999995
80,1,-0.61642,27,14.636999999999997,1,-0.592,27,14.697000000000001
408,12,-5.434560000000001,104,59.12699999999999,12,-5.24068,104,58.403999999999996
105,3,-1.24172,37,17.555999999999997,3,-1.26614,37,18.419
44,1,-0.04588,18,8.322999999999999,1,-0.13541999999999998,18,8.299
417,10,-4.63314,121,65.961,10,-4.539159999999999,121,65.46900000000004
25,2,-0.58534,10,5.88,2,-0.6460199999999999,10,5.867000000000001
302,4,-1.295,93,47.834,4,-1.40674,93,48.32799999999998
139,2,-1.15736,49,20.513999999999992,2,-1.10334,49,21.795000000000005
194,2,-0.7015199999999999,56,25.916,2,-0.7466599999999999,56,26.692000000000007
81,3,-1.6346599999999998,29,14.432,3,-1.5458600000000002,29,14.626
122,3,-1.8744200000000002,46,21.94599999999999,3,-1.81522,46,22.483999999999998
36,0,0.0,15,8.434,0,0.0,15,8.616
268,3,-1.19302,75,31.88600000000002,3,-1.02812,75,34.41899999999999
62,1,-0.5091199999999999,18,10.020000000000003,1,-0.47656,18,9.937000000000001
1020,22,-6.4849000000000006,356,216.30599999999987,20,-6.717180000000001,356,210.15099999999993
385,5,-1.98838,149,78.28400000000003,5,-1.93658,149,78.98100000000004
162,3,-1.6724,77,34.63200000000001,3,-1.59322,77,36.312
78,2,-0.8487800000000001,25,11.011,2,-0.91094,25,11.606
306,4,-2.14378,96,51.026,4,-2.0572,96,51.539999999999985
55,0,0.0,14,5.677,0,0.0,14,6.429000000000001
159,4,-1.5251400000000002,60,34.75100000000001,4,-1.50516,60,34.07899999999999
91,0,0.0,27,11.736999999999998,0,0.0,27,12.264000000000001
108,5,-2.5197000000000003,38,17.025,5,-2.39612,38,17.605
137,4,-2.0091,57,29.44800000000001,4,-1.8899599999999999,57,29.160000000000007
58,0,0.0,23,12.203,0,0.0,23,12.408000000000001
444,19,-9.177480000000001,103,57.243,19,-9.04058,103,56.863
174,1,-0.22347999999999998,52,29.407,1,-0.26122,52,29.485000000000003
260,6,-2.27402,81,39.948,6,-2.35172,81,41.437
213,1,-0.61642,85,46.309000000000005,1,-0.592,85,46.17800000000001
30,1,-0.20794,10,2.786,1,-0.25604,10,3.5109999999999997
177,3,-1.61542,48,30.315999999999995,3,-1.53624,48,29.904000000000007
78,2,-0.24642000000000003,24,10.472000000000001,2,-0.38628,24,11.004000000000001
195,5,-2.84382,62,33.537000000000006,5,-2.70618,62,33.528999999999996
137,3,-1.5451199999999998,43,22.981999999999996,3,-1.4585400000000002,43,22.997
299,12,-4.636100000000001,72,38.927,12,-4.65608,72,38.93800000000002
184,1,-0.49802,56,28.154999999999994,1,-0.4662,56,28.430999999999994
205,4,-1.4097000000000002,64,30.895,4,-1.41636,64,31.419000000000008
391,11,-5.06234,140,69.26700000000001,11,-4.865500000000001,140,70.496
87,0,0.0,30,13.248999999999997,0,0.0,30,14.224999999999998
739,10,-3.41278,242,135.36300000000006,9,-3.3048399999999996,242,133.93799999999987
90,1,-0.41514,28,13.699000000000002,1,-0.38480000000000003,28,14.006999999999996
241,5,-2.2881,86,39.717,5,-2.07578,86,41.67600000000003
206,2,-1.3519800000000002,60,32.493,2,-1.30388,60,32.191999999999986
491,4,-1.67758,174,98.27499999999998,4,-1.68868,174,96.838
86,3,-0.9398,31,16.701999999999998,3,-0.97458,31,17.073
482,9,-3.79324,149,83.73600000000002,9,-3.73478,149,82.47300000000003
170,5,-2.3975999999999997,49,23.51600000000001,5,-2.28216,49,24.038999999999994
284,1,-0.30044000000000004,87,44.376000000000005,1,-0.29896,87,45.08099999999998
109,2,-0.72668,38,19.851000000000006,2,-0.70448,38,19.784000000000002
289,6,-2.09298,122,53.58,5,-1.9883799999999998,122,55.959999999999994
272,5,-1.77304,82,40.36,5,-1.8729399999999998,82,41.35900000000001
785,17,-7.70044,273,149.12899999999993,17,-7.40888,273,146.86399999999995
144,0,0.0,46,21.168999999999997,0,0.0,46,21.842
179,0,0.0,55,30.247000000000003,0,0.0,55,30.157999999999998
103,2,-0.5549999999999999,39,18.988,2,-0.59348,39,18.748999999999995
87,3,-1.30314,30,13.150000000000002,3,-1.34976,30,13.733
33,0,0.0,15,7.254999999999999,0,0.0,15,7.299
816,13,-4.28136,246,136.01000000000016,12,-4.22528,246,135.74200000000002
74,1,-0.59422,19,11.314,1,-0.57202,19,11.292000000000002
137,2,-0.8798600000000001,50,24.617,2,-0.94794,50,25.261
125,1,-0.3626,47,21.773000000000014,1,-0.34188,47,22.720000000000002
181,3,-0.65194,67,34.051,3,-0.79846,67,34.342999999999996
1058,19,-8.498639999999998,315,157.93600000000004,19,-8.150979999999999,315,160.52199999999996
135,3,-1.81152,50,27.497,3,-1.72938,50,27.497000000000007
137,3,-1.5318,36,17.780000000000005,3,-1.5488199999999999,36,18.076999999999998
195,4,-2.04018,59,33.298,4,-1.91808,59,33.15900000000001
144,2,-1.0175,50,26.165,2,-0.9627399999999999,50,26.191999999999997
266,4,-1.9558200000000001,85,42.61400000000001,4,-1.9099400000000002,85,43.446
158,4,-1.6871999999999998,48,24.335000000000004,4,-1.67906,48,25.029999999999998
471,10,-4.666440000000001,152,86.67600000000002,10,-4.491059999999999,152,85.462
268,3,-0.6985600000000001,76,40.51600000000001,3,-0.851,76,40.653
380,6,-2.4960199999999997,129,73.09399999999997,6,-2.4494,129,72.946
195,2,-1.14848,82,41.21699999999998,2,-1.0929799999999998,82,40.845
248,4,-2.0794,88,41.08700000000001,4,-1.96988,88,42.19800000000001
115,3,-0.6549,37,18.141999999999996,3,-0.81548,37,18.776999999999994
678,8,-3.43888,244,142.65599999999998,8,-3.2609400000000006,244,140.372
168,1,-0.61642,58,25.323,1,-0.592,58,26.29200000000001
288,5,-2.5308,92,47.57900000000001,5,-2.39242,92,47.59300000000001
179,5,-2.28808,52,23.880999999999993,5,-2.25626,52,24.226
364,8,-3.774,127,63.11399999999998,8,-3.68964,127,63.71700000000002
97,4,-1.12628,23,7.6129999999999995,4,-1.2550400000000002,23,8.935999999999998
363,13,-5.29988,104,61.967000000000006,13,-5.3168999999999995,104,60.45799999999998
74,4,-1.99652,27,10.290999999999999,4,-1.87072,27,11.461
617,14,-6.161239999999999,197,105.0509999999999,14,-6.2086,197,105.50800000000002
170,1,-0.0925,45,22.84,1,-0.185,45,23.293000000000003
328,5,-1.4207999999999998,104,57.269999999999996,5,-1.5651,104,57.12099999999998
70,1,-0.12136000000000001,21,8.282,1,-0.20646,21,9.021
249,2,-1.0485799999999998,83,41.60200000000001,2,-0.99086,83,42.14699999999999
218,7,-2.7032200000000004,76,42.00599999999999,7,-2.7084,76,42.401
786,16,-6.292960000000001,258,157.16100000000006,16,-6.2678,258,152.694
190,5,-2.7713,69,35.37500000000001,5,-2.6713999999999998,69,35.49799999999999
44,3,-1.4643,18,8.363000000000001,2,-1.3097999999999999,18,8.647999999999998
128,6,-1.23928,48,20.950000000000006,5,-1.3956399999999998,48,21.938000000000006
127,1,-0.1813,38,20.766000000000005,1,-0.24198,38,20.951999999999995
722,13,-5.43202,253,120.66899999999998,11,-5.3206,253,125.075
180,6,-2.83494,62,35.58500000000001,6,-2.7453999999999996,62,35.01499999999999
47,2,-0.5964400000000001,20,8.052999999999999,2,-0.6512,20,8.812
428,12,-3.93162,166,80.23800000000001,12,-4.018199999999999,166,82.17899999999997
108,4,-1.5362399999999998,33,17.682,4,-1.53846,33,17.511
160,5,-1.57398,49,23.72200000000001,5,-1.5947,49,24.262
126,1,-0.3774,49,23.186,1,-0.35519999999999996,49,23.962999999999994
91,2,-0.57794,30,15.284999999999998,2,-0.6364,30,15.715000000000002
118,2,-1.3985999999999998,39,18.975000000000005,2,-1.3430999999999997,39,19.246000000000002
173,3,-1.2247,56,26.237000000000002,3,-1.2439399999999998,56,26.911000000000005
54,1,-0.14356,16,6.212,1,-0.21903999999999998,16,6.744000000000001
153,2,-0.9094599999999999,53,25.43,2,-0.85544,53,25.665
163,10,-4.939500000000001,33,15.006999999999996,10,-4.9002799999999995,33,15.590999999999996
193,10,-4.5658,52,30.03799999999999,10,-4.45184,52,29.956
103,5,-2.5537400000000003,34,15.721,5,-2.5345,34,16.205000000000002
55,0,0.0,21,9.834999999999999,0,0.0,21,10.193
217,12,-5.06622,58,30.956000000000003,11,-5.072699999999999,58,31.230999999999995
130,2,-0.90206,30,14.285,2,-0.8480399999999999,30,15.006000000000002
160,3,-1.24024,47,20.128999999999998,3,-1.1691999999999998,47,21.336
268,10,-4.17878,77,45.80200000000001,10,-4.07962,77,44.940000000000005
617,13,-5.5995800000000004,207,121.05700000000006,13,-5.634359999999999,207,119.88499999999999
