date,year,month,anger,anticipation,disgust,fear,joy,sadness,surprise,trust
2022-02-28 20:34:46,2022,2,9.065,7.343999999999999,4.460000000000001,31.108999999999995,7.957,15.110000000000001,2.767,9.676
2022-02-27 07:15:35,2022,2,0.9789999999999999,2.586,2.9840000000000004,4.417,3.815,3.0069999999999997,0.93,6.444
2022-02-27 07:15:34,2022,2,0.9789999999999999,2.586,2.9840000000000004,4.417,3.815,3.0069999999999997,0.93,6.444
2022-02-26 12:45:28,2022,2,3.378,6.9350000000000005,0.531,9.469000000000001,6.721,5.199000000000001,1.532,4.882000000000001
2022-02-22 14:58:04,2022,2,5.703999999999999,3.8040000000000003,2.4840000000000004,8.883000000000001,0.8280000000000001,5.1,0.695,2.78
2022-02-19 02:53:43,2022,2,5.128,4.258,2.258,13.438,6.385,1.029,0.866,6.586999999999999
2022-02-09 12:25:23,2022,2,10.553999999999998,16.292,7.515999999999999,26.764000000000003,23.835000000000004,9.536999999999997,5.815,29.547000000000008
2022-02-08 22:03:24,2022,2,4.377,10.665,4.539,13.084,5.207,2.891,2.437,10.997
2022-02-01 05:46:45,2022,2,11.334999999999999,7.079,4.712,26.214,4.138000000000001,7.111999999999999,3.1100000000000003,7.2410000000000005
2022-01-31 23:47:49,2022,1,8.752,3.8680000000000003,3.64,13.212000000000002,4.694000000000001,4.888,1.718,7.671
2022-01-22 19:38:36,2022,1,2.001,1.664,0.0,4.861,1.556,1.9370000000000003,1.789,0.484
2022-01-20 08:48:36,2022,1,9.334,14.994999999999997,4.229,19.474,12.045000000000002,9.128,5.053,10.419
2022-01-20 07:02:01,2022,1,2.405,0.812,0.18,3.734,0.297,0.0,0.0,2.445
2022-01-17 14:06:15,2022,1,3.689,3.2880000000000003,0.6639999999999999,5.781,0.9390000000000001,3.021,0.609,0.9990000000000001
2022-01-14 08:18:56,2022,1,3.1020000000000003,1.109,1.7189999999999999,7.431,0.333,2.61,2.57,1.773
2022-01-05 22:01:24,2022,1,3.458,6.36,2.016,6.5360000000000005,2.107,0.966,2.141,6.813000000000001
2022-01-03 19:05:55,2022,1,3.452,2.461,2.063,6.436,0.938,2.227,0.359,3.501
2022-01-01 08:10:43,2022,1,12.493000000000002,4.199,5.602,15.708,6.034000000000001,10.713000000000001,2.061,7.861999999999999
2021-12-31 14:11:18,2021,12,4.271999999999999,5.907,1.15,12.066,3.318,1.453,1.032,2.86
2021-12-30 02:52:36,2021,12,7.215000000000001,3.818,5.155,10.299000000000001,2.755,8.396,2.016,9.389
2021-12-30 01:07:13,2021,12,4.739000000000001,3.649,1.4919999999999998,9.765,2.4890000000000003,2.764,1.1019999999999999,6.438000000000001
2021-12-29 12:11:21,2021,12,5.346,9.73,1.9469999999999998,12.072000000000001,7.419999999999999,3.0489999999999995,3.384,8.768
2021-12-28 21:11:55,2021,12,4.403,1.5310000000000001,2.8440000000000003,12.829,0.883,7.899999999999999,0.57,5.015000000000001
2021-12-28 10:13:33,2021,12,4.2989999999999995,0.391,0.82,5.566000000000001,0.781,0.531,0.758,2.601
2021-12-21 14:32:08,2021,12,13.185,14.223999999999998,6.314,28.952999999999996,17.832,12.55,7.311000000000001,26.186
2021-12-21 02:02:11,2021,12,12.736000000000002,5.151,6.454000000000001,26.056000000000004,6.092999999999999,14.271999999999998,1.7730000000000001,11.387
2021-12-20 23:38:15,2021,12,15.934999999999999,8.638000000000002,8.164,29.092000000000002,7.0920000000000005,16.907,5.446000000000001,16.654
2021-12-19 05:34:48,2021,12,5.305000000000001,2.501,3.141,13.888000000000002,1.2429999999999999,5.1739999999999995,2.7270000000000003,2.635
2021-12-18 20:39:59,2021,12,5.667000000000001,2.813,4.312,9.315,3.6310000000000007,4.881,1.079,5.702000000000001
2021-12-18 07:13:21,2021,12,1.4269999999999998,2.9779999999999998,0.633,4.9830000000000005,0.64,0.0,0.516,2.0
2021-12-13 01:35:41,2021,12,35.46800000000001,12.998000000000001,20.528999999999996,37.439000000000014,16.855,30.818,5.208,42.334999999999994
2021-12-12 04:02:46,2021,12,4.112,9.547999999999998,2.064,8.481000000000002,5.727,4.327,1.843,7.164
2021-12-09 00:12:19,2021,12,3.9589999999999996,2.8609999999999998,1.063,10.015,0.85,0.75,1.9060000000000001,3.3590000000000004
2021-12-08 03:29:22,2021,12,9.133000000000001,12.176000000000002,5.813000000000001,18.28,8.526,9.215,3.6559999999999997,15.860999999999997
2021-12-07 23:07:46,2021,12,7.512,5.625,2.266,13.88,2.601,3.554,4.021000000000001,8.139
2021-12-03 02:11:45,2021,12,1.222,6.008,0.985,7.030000000000001,2.7640000000000002,1.718,0.907,5.881999999999999
2021-11-26 05:43:24,2021,11,10.799999999999999,11.575,5.9079999999999995,25.224000000000007,8.895,10.949,2.905,13.325000000000003
2021-11-23 04:12:25,2021,11,11.84,12.91,5.455,26.014999999999997,6.947000000000001,6.822000000000001,6.564,9.905999999999999
2021-11-19 01:11:22,2021,11,5.898000000000001,4.805,4.259,10.679,3.4509999999999996,6.439,1.086,7.452000000000001
2021-11-16 17:13:51,2021,11,8.419,10.306,4.709,16.266,8.921,4.8020000000000005,3.0,8.516
2021-11-14 22:00:01,2021,11,1.8159999999999998,5.814,1.008,5.267,1.906,0.448,1.329,6.431
2021-11-14 16:39:13,2021,11,0.853,1.3679999999999999,1.571,6.297000000000001,1.2819999999999998,4.002,1.718,3.102
2021-11-04 13:19:57,2021,11,22.687999999999995,10.858,11.625,45.68099999999999,10.903999999999998,15.938999999999998,7.954999999999999,20.775000000000002
2021-10-29 09:12:18,2021,10,9.611999999999998,7.982,4.987,19.076,2.466,5.066,3.929,6.1899999999999995
2021-10-25 02:09:31,2021,10,9.229,6.62,3.6019999999999994,16.747,4.433,6.999999999999999,5.311,6.6000000000000005
2021-10-24 19:57:53,2021,10,19.526000000000003,22.112999999999996,13.666000000000002,38.572,16.651,23.133999999999997,5.82,28.186999999999994
2021-10-22 17:51:33,2021,10,10.883999999999999,4.955,4.079000000000001,25.385,2.621,3.767,2.115,5.4030000000000005
2021-10-19 07:42:08,2021,10,10.203000000000001,14.987000000000002,10.548000000000002,20.409,15.426999999999996,9.503999999999998,4.5,19.554000000000002
2021-10-16 20:47:05,2021,10,5.829000000000001,4.51,2.914,12.451000000000002,1.367,4.579000000000001,1.399,7.007999999999999
2021-10-10 14:27:14,2021,10,8.029,11.635,5.939,20.756,11.274000000000001,8.918999999999999,5.883,13.475999999999999
2021-10-09 16:57:21,2021,10,5.742999999999999,4.116,4.441,9.933999999999997,3.472,4.645,0.0,6.65
2021-10-09 16:01:39,2021,10,13.16,11.590999999999998,7.6080000000000005,23.546,7.781,10.221,4.882,14.268
2021-10-06 01:02:48,2021,10,8.21,7.694,2.273,14.789,11.667000000000002,2.852,1.861,16.767000000000003
2021-09-28 02:07:30,2021,9,10.51,10.402999999999999,4.93,16.695999999999998,8.198,5.955,3.728,8.959
2021-09-28 01:36:37,2021,9,17.953,28.331000000000007,11.592,30.613,27.33,20.331000000000003,9.867,27.652000000000005
2021-09-21 19:32:22,2021,9,0.869,1.0710000000000002,1.125,2.234,1.326,0.857,0.671,2.0100000000000002
2021-09-20 06:15:19,2021,9,14.273,7.5040000000000004,8.592999999999998,23.920999999999996,8.816,17.513,2.156,12.98
2021-09-18 18:05:29,2021,9,2.8969999999999994,2.9600000000000004,1.5,9.02,4.832,4.746,1.899,5.336
2021-09-15 20:39:54,2021,9,9.565,7.416999999999999,3.859,16.308999999999997,6.333,11.217999999999998,1.601,18.029999999999998
2021-09-11 10:01:10,2021,9,7.294000000000001,11.142999999999999,2.477,21.476999999999997,12.749999999999998,8.197,3.3289999999999997,8.975999999999999
2021-09-09 21:12:32,2021,9,5.404,2.6550000000000002,1.8430000000000002,9.51,1.384,1.9909999999999999,0.774,3.868
2021-09-09 17:38:36,2021,9,20.31,11.236,4.564,34.916,8.000000000000002,13.326,6.055999999999999,15.609
2021-09-09 01:03:23,2021,9,1.478,0.727,0.57,9.563999999999998,0.422,1.14,0.773,0.531
2021-09-09 00:56:58,2021,9,1.01,0.875,0.461,6.426,0.438,0.375,0.797,0.289
2021-09-03 02:12:17,2021,9,6.4270000000000005,16.642,4.694999999999999,20.385999999999996,6.965000000000001,12.786,4.884,8.835999999999999
2021-08-25 19:58:39,2021,8,17.278,7.473999999999999,10.836,24.959999999999997,6.525,18.606,5.882,9.315999999999999
2021-08-22 12:14:35,2021,8,4.565,6.977,2.759,14.004,4.1530000000000005,3.6949999999999994,3.039,5.631000000000001
2021-08-19 10:04:35,2021,8,109.101,130.38100000000003,74.128,247.03500000000005,85.98799999999997,115.83600000000001,28.334000000000003,172.5450000000001
2021-08-12 03:10:38,2021,8,6.039,4.9319999999999995,4.94,17.437999999999995,4.475,4.626,2.8209999999999997,3.384
2021-08-04 15:24:44,2021,8,0.6970000000000001,2.408,1.625,6.034000000000001,0.0,2.165,0.0,5.202
2021-08-03 20:46:52,2021,8,20.568,21.036,10.93,44.681,27.838000000000005,22.522000000000002,8.505999999999998,25.696
2021-08-01 22:29:06,2021,8,6.2589999999999995,6.147,3.4160000000000004,16.002,4.545,3.467,2.578,6.906000000000001
2021-07-31 17:12:32,2021,7,5.209,1.367,0.46199999999999997,10.669,0.721,0.172,0.359,5.752
2021-07-27 13:58:17,2021,7,10.475,6.784999999999999,6.656,21.545999999999996,8.046,9.006,1.336,19.332
2021-07-25 15:41:01,2021,7,1.984,1.171,0.422,5.203,1.332,0.5,0.0,3.179
2021-07-13 02:49:59,2021,7,5.279,3.04,1.8519999999999999,14.143,1.73,3.03,1.585,10.366
2021-07-13 01:04:25,2021,7,14.293999999999999,15.253999999999998,10.294999999999998,24.477,14.223999999999998,15.164000000000001,6.044999999999999,19.646
2021-07-06 15:02:01,2021,7,5.007999999999999,2.166,1.727,12.091,0.914,2.0789999999999997,1.742,2.3120000000000003
2021-07-04 05:20:12,2021,7,4.664000000000001,4.211,1.492,11.049,2.1959999999999997,8.257000000000001,0.984,5.344
2021-07-02 10:08:14,2021,7,5.238,5.349,3.547,9.593,4.542000000000001,3.698,0.797,7.482
2021-06-29 21:53:14,2021,6,9.718,14.010000000000002,6.094,14.744000000000003,13.746000000000002,4.823,2.024,17.29
2021-06-29 04:53:32,2021,6,2.6540000000000004,4.071,0.5940000000000001,8.555,5.394,2.0980000000000003,1.2810000000000001,8.390999999999998
2021-06-28 18:20:33,2021,6,3.9789999999999996,6.396,2.7420000000000004,12.335999999999999,2.359,3.009,1.8360000000000003,10.962
2021-06-23 19:41:24,2021,6,2.055,6.384,2.774,10.701,4.562,3.511,1.9769999999999999,4.694
2021-06-22 20:34:03,2021,6,10.38,8.723000000000003,3.6410000000000005,17.326,7.164,9.273000000000001,3.258,12.805
2021-06-17 05:35:32,2021,6,9.853,9.956999999999999,7.649,27.614999999999995,5.2459999999999996,8.799,3.031,10.648000000000001
2021-06-14 15:59:16,2021,6,8.315999999999999,8.433,2.6329999999999996,14.120999999999999,16.145,6.952,3.7820000000000005,16.471999999999998
2021-06-13 05:36:33,2021,6,32.329999999999984,42.546000000000014,32.291999999999994,50.651999999999994,34.080999999999996,36.84700000000001,14.121000000000002,47.75000000000001
2021-06-09 01:36:30,2021,6,5.541,5.462000000000001,2.704,11.057,4.8629999999999995,2.851,2.032,5.555
2021-06-06 15:27:41,2021,6,1.745,1.9610000000000003,2.6790000000000003,7.409000000000001,1.321,4.837999999999999,0.492,3.9770000000000003
2021-06-02 22:38:40,2021,6,8.479,5.626,3.9219999999999997,17.04,6.646,4.87,2.9050000000000002,11.480999999999998
2021-06-01 20:20:47,2021,6,6.58,5.538,5.093,16.612,5.858,6.625,2.289,14.223999999999997
2021-05-24 21:53:27,2021,5,13.520000000000001,19.762,6.555,27.028999999999996,14.795,12.456,8.851,24.480000000000004
2021-05-18 05:43:06,2021,5,10.052,7.897,5.585,21.258000000000003,11.762,9.67,0.7030000000000001,12.190999999999999
2021-05-18 05:32:16,2021,5,7.856999999999999,6.819,4.154999999999999,19.872000000000007,10.833,9.344,0.7030000000000001,11.620999999999999
2021-05-17 23:25:05,2021,5,26.158,21.412,11.329,50.673,17.408999999999995,21.717000000000006,10.270000000000001,26.793999999999997
2021-05-17 13:55:04,2021,5,1.9629999999999999,2.741,1.454,7.702999999999999,1.2409999999999999,1.234,0.32,2.484
2021-05-14 04:52:39,2021,5,5.590000000000001,6.266000000000001,3.274,13.799000000000001,2.3960000000000004,7.256000000000001,2.563,7.484000000000001
2021-05-12 01:11:41,2021,5,13.95,14.145999999999999,11.563,25.597,11.924000000000001,17.937,5.468,14.215
2021-05-11 22:14:20,2021,5,1.662,6.2040000000000015,3.7090000000000005,5.344,8.7,2.254,0.82,10.43
2021-05-10 06:11:14,2021,5,4.9079999999999995,6.809,2.648,11.636999999999999,4.082,5.151000000000001,4.923,5.462000000000001
2021-05-04 15:39:14,2021,5,4.181,5.597,2.454,11.571000000000002,5.178,3.077,1.4449999999999998,6.913999999999999
2021-05-03 22:21:56,2021,5,5.957000000000001,4.766,3.8209999999999993,14.729,5.38,3.6439999999999997,1.274,8.829
2020-03-29 18:30:15,2020,3,16.588,4.406,8.381,27.670999999999996,7.260999999999999,12.904,1.383,11.236
2020-03-26 06:11:40,2020,3,40.49699999999999,27.14,33.17199999999999,87.93,28.857,42.80199999999999,18.382,52.30200000000001
2020-03-23 23:13:46,2020,3,1.6569999999999998,4.359999999999999,1.6719999999999997,3.277,2.867,1.75,1.133,3.1170000000000004
2020-03-22 00:52:17,2020,3,0.813,0.656,0.562,2.6100000000000003,0.663,0.976,0.0,3.054
2020-03-22 00:12:50,2020,3,8.896,4.923,3.445,18.38200000000001,4.107,8.402,1.242,17.32
2020-03-05 13:58:19,2020,3,3.1399999999999997,1.462,1.8050000000000002,8.051,0.781,3.3960000000000004,0.5549999999999999,2.71
2020-03-03 01:06:53,2020,3,3.908,7.215,2.4219999999999997,8.391,8.469000000000001,3.7009999999999996,1.398,10.815999999999999
2020-02-26 18:17:54,2020,2,17.259,16.084,5.569999999999999,31.756000000000004,9.363000000000001,7.652,5.016,21.408
2020-02-23 22:42:04,2020,2,7.143,12.363,2.351,13.039,9.83,2.7560000000000002,3.361,9.408999999999999
2020-02-20 23:14:24,2020,2,0.476,0.516,0.18,5.821,0.996,1.383,1.2269999999999999,2.211
2020-02-16 05:12:43,2020,2,3.6090000000000004,4.82,5.141,9.93,4.623,6.3100000000000005,0.931,5.03
2020-02-13 10:05:17,2020,2,4.18,2.765,3.548,12.913,2.165,3.6940000000000004,0.969,12.222999999999999
2020-02-09 11:43:49,2020,2,4.34,3.1879999999999997,1.313,7.138,1.047,2.707,0.32,3.718
2020-02-08 19:55:49,2020,2,2.667,7.436000000000001,2.391,11.277000000000001,2.7230000000000003,5.667,1.0150000000000001,6.484
2020-01-28 03:41:45,2020,1,11.765000000000002,9.985,5.390999999999999,22.369,6.284000000000001,5.51,2.1559999999999997,13.610000000000001
2020-01-27 20:16:50,2020,1,11.684,6.302,7.093,26.938999999999997,6.872,13.495000000000003,3.977,16.281000000000002
2020-01-25 05:32:13,2020,1,7.024000000000001,11.020999999999999,1.939,15.648000000000001,4.989000000000001,3.5779999999999994,4.68,10.535
2020-01-14 08:08:56,2020,1,4.876999999999999,6.928,3.2740000000000005,11.471000000000002,3.833,3.1329999999999996,2.852,9.574000000000002
2020-01-13 14:57:12,2020,1,25.201999999999998,17.78,24.959999999999997,50.966,21.839999999999996,23.466999999999995,5.68,23.557000000000002
2020-01-12 11:42:14,2020,1,7.084999999999999,5.816,5.377,12.731000000000002,7.011000000000001,4.670999999999999,3.6169999999999995,9.566
2020-01-08 23:37:15,2020,1,14.975999999999997,6.724,6.814,29.556,4.097,7.881999999999999,4.1259999999999994,10.733
2020-01-05 14:00:35,2020,1,0.9219999999999999,4.984,2.8360000000000003,5.092,5.876,2.158,0.32,4.724
2020-01-05 05:03:08,2020,1,5.212000000000001,4.707999999999999,2.086,12.048,4.763000000000001,3.83,1.8679999999999999,5.1930000000000005
2019-12-25 14:28:48,2019,12,8.627,4.046,0.891,12.339000000000002,3.612,4.519,3.0079999999999996,5.108999999999999
2019-12-22 11:13:58,2019,12,31.819999999999993,40.175,19.387,52.16300000000001,21.752999999999997,27.108999999999998,13.306000000000001,47.24
2019-12-17 02:03:05,2019,12,10.71,5.932,5.173,21.015000000000004,5.367,10.939,4.3740000000000006,7.914999999999999
2019-11-28 19:29:07,2019,11,27.506999999999998,29.313,16.935000000000002,45.976,18.507,25.741999999999997,7.733999999999999,36.574000000000005
2019-11-25 14:32:14,2019,11,4.938,9.112999999999998,2.688,14.060999999999996,5.122,6.48,0.813,11.111999999999998
2019-11-25 01:32:32,2019,11,5.433000000000001,2.571,1.485,9.583000000000002,2.634,0.622,1.2810000000000001,3.4369999999999994
2019-11-09 01:26:11,2019,11,1.0,2.404,1.852,2.591,1.916,0.955,0.907,5.672
2019-11-07 03:51:34,2019,11,2.905,2.782,0.46199999999999997,5.922000000000001,1.591,1.342,0.718,2.488
2019-11-05 16:55:10,2019,11,11.005,8.486,2.789,16.028000000000002,4.841,5.122999999999998,4.741,16.686
2019-10-31 19:26:26,2019,10,7.906,3.699,3.189,12.056999999999999,2.14,4.03,3.438,9.390999999999998
2019-10-23 22:19:40,2019,10,2.643,1.032,0.0,5.606000000000001,1.174,0.0,0.172,1.21
2019-10-17 07:52:52,2019,10,20.678,22.569000000000003,12.421,33.552,13.481,15.006000000000002,8.132000000000001,39.022
2019-09-14 04:16:18,2019,9,5.7909999999999995,5.415,3.3360000000000003,15.729000000000001,4.722,4.729,0.913,9.687999999999999
2019-09-14 01:27:24,2019,9,6.418,3.2720000000000002,0.0,15.004,4.6899999999999995,1.8559999999999999,0.773,4.156
2019-09-12 00:36:14,2019,9,7.825,6.899,3.008,17.185,6.5729999999999995,5.833,1.5869999999999997,5.133
2019-09-10 02:13:36,2019,9,20.814999999999998,27.131000000000007,17.691000000000003,46.955,27.458999999999996,21.712000000000003,9.121,29.678000000000004
2019-09-07 14:22:15,2019,9,6.486,10.516,6.28,16.161,9.336,8.235,3.415,11.406000000000002
2019-08-22 17:15:19,2019,8,3.3419999999999996,2.7660000000000005,1.6860000000000002,9.543,2.737,0.578,0.516,4.8420000000000005
2019-08-14 18:04:52,2019,8,10.555,15.131,4.274,27.299000000000003,8.883,8.937999999999999,8.085999999999999,9.701999999999998
2019-07-29 22:15:44,2019,7,8.758,11.796,4.969,17.503999999999998,6.202,5.12,6.414000000000001,18.758
2019-07-21 03:23:00,2019,7,2.279,2.5780000000000003,1.5620000000000003,5.923,4.304,1.537,0.391,2.1239999999999997
2019-07-03 17:39:40,2019,7,6.009999999999999,6.412,3.0780000000000003,15.339,6.1450000000000005,6.736,3.117,4.96
2019-06-29 19:21:21,2019,6,3.75,5.986000000000001,0.735,12.068000000000001,4.862,1.0,2.671,9.09
2019-05-07 00:03:37,2019,5,9.975,13.346,4.601999999999999,18.230999999999998,6.5169999999999995,7.574,5.297,15.693999999999999
2019-03-31 02:16:52,2019,3,8.049000000000003,9.651,7.993000000000001,22.421,6.323999999999999,12.187999999999999,2.383,11.847000000000001
2019-03-22 17:17:07,2019,3,10.328,16.759,5.061,18.089999999999996,11.196,8.309999999999999,6.11,18.001
2019-03-15 01:26:36,2019,3,10.312000000000001,10.078,3.8200000000000003,24.175,6.571999999999999,8.695,1.695,12.793999999999999
2019-03-02 17:36:10,2019,3,10.542000000000002,5.969,2.6250000000000004,13.796,4.617999999999999,3.094,2.289,7.422
2019-02-07 16:02:41,2019,2,17.279999999999998,20.617000000000004,16.328999999999997,29.267000000000007,15.202,15.971999999999998,8.953999999999999,30.999999999999996
2018-12-23 03:08:26,2018,12,14.464,12.908999999999999,9.439999999999998,29.975,5.645999999999999,10.142,5.907000000000001,7.445
2018-12-15 17:24:00,2018,12,18.112,9.637999999999998,7.298000000000001,33.783,10.661000000000001,9.009,4.858,16.73
2018-12-06 21:51:35,2018,12,4.447,3.0309999999999997,4.951,10.027,4.293,5.412,0.789,4.202
2018-11-27 22:28:06,2018,11,52.87599999999998,73.871,36.42399999999999,94.61000000000001,71.92699999999999,54.35500000000001,26.399,110.48399999999997
2018-10-28 02:05:45,2018,10,5.29,1.391,0.696,13.031000000000002,0.42200000000000004,1.657,0.172,4.047000000000001
2018-09-25 19:14:56,2018,9,9.331000000000001,18.499000000000002,7.819000000000002,27.618,11.769000000000002,9.112,4.572,28.607999999999997
2018-09-16 16:39:20,2018,9,11.568000000000001,14.014999999999999,6.421,22.976,9.514000000000003,10.963999999999999,3.242,30.546999999999997
2018-08-07 07:32:50,2018,8,11.153999999999998,11.65,11.799,25.504,7.922000000000001,12.971000000000002,4.423,14.936
2018-07-21 17:25:15,2018,7,15.618000000000002,8.805,6.656000000000001,26.262999999999998,5.223000000000001,9.987000000000002,3.7670000000000003,17.844
2018-07-18 10:48:09,2018,7,3.916,6.88,2.9379999999999997,9.668,4.314,5.082999999999999,1.259,9.693999999999999
2018-06-12 00:57:22,2018,6,12.216,7.935,7.204000000000001,24.190999999999995,3.3920000000000003,9.186000000000002,2.742,8.878999999999998
2018-05-11 21:39:04,2018,5,3.5149999999999997,2.8760000000000003,1.985,9.439,0.359,2.2789999999999995,0.75,1.972
2018-05-07 04:46:54,2018,5,11.76,16.845000000000002,5.563000000000001,22.105999999999998,13.616000000000001,10.703999999999999,5.019,18.407000000000004
2018-05-01 04:14:38,2018,5,3.2580000000000005,2.91,0.133,4.531000000000001,0.9520000000000001,0.562,0.743,2.3129999999999997
2018-03-23 18:06:15,2018,3,12.66,8.600999999999999,7.596000000000001,20.829,7.668,12.86,2.063,16.866999999999997
2018-03-15 04:19:43,2018,3,18.839000000000002,23.276999999999997,11.854000000000001,30.878999999999998,15.175,19.986000000000004,6.397999999999999,26.362000000000002
2022-02-28 20:34:12,2022,2,9.065,7.343999999999999,4.460000000000001,31.108999999999995,7.957,15.110000000000001,2.767,9.676
2022-02-28 09:36:08,2022,2,7.244000000000001,7.175,2.4920000000000004,17.641,5.457999999999999,4.592999999999999,2.242,5.953
2022-02-26 18:29:42,2022,2,11.405000000000001,12.695,4.987,23.29,9.078999999999999,3.866,4.805,14.494
2022-02-25 20:54:16,2022,2,5.473000000000001,4.0409999999999995,4.343999999999999,6.232,2.489,3.9859999999999998,1.125,4.47
2022-02-25 11:29:54,2022,2,11.9,11.722999999999999,4.962,22.910000000000004,16.215,9.246,3.7659999999999996,21.519
2022-02-24 03:56:46,2022,2,15.213000000000001,8.437,6.029999999999999,17.213,6.093,7.355,2.671,17.447999999999997
2022-02-23 08:19:31,2022,2,17.829,28.678,13.505999999999998,35.051,12.591999999999999,15.775,12.750999999999996,31.371000000000002
2022-02-22 20:46:37,2022,2,2.754,2.9210000000000003,1.875,6.9079999999999995,2.4,3.8129999999999997,0.391,3.834
2022-02-20 21:23:37,2022,2,1.706,4.8149999999999995,0.0,5.5649999999999995,6.031999999999999,0.312,1.931,10.907
2022-02-16 12:09:53,2022,2,3.36,1.024,3.5080000000000005,9.126000000000001,1.839,3.232,0.563,2.585
2022-02-13 19:52:31,2022,2,6.737,0.9530000000000001,2.134,7.922000000000001,0.7809999999999999,3.541,0.359,6.432
2022-02-12 03:24:47,2022,2,3.1060000000000003,2.344,0.453,5.75,0.371,0.734,0.984,1.133
2022-02-08 19:07:36,2022,2,8.760000000000002,9.306999999999999,4.43,14.687000000000001,3.7900000000000005,4.018,1.97,8.001000000000001
2022-02-05 19:34:43,2022,2,9.017000000000001,1.415,2.196,10.804,1.417,4.6240000000000006,0.172,3.2100000000000004
2022-02-05 17:12:31,2022,2,15.424000000000001,15.123999999999999,6.249,22.714,14.478000000000002,6.995,7.165000000000001,14.730000000000002
2022-02-02 21:37:57,2022,2,5.389,8.681,3.657,8.955,6.840000000000001,11.651999999999997,8.009,19.853000000000005
2022-01-30 05:29:33,2022,1,4.774,3.8920000000000003,3.6100000000000003,9.971000000000002,6.523,2.2600000000000002,2.008,4.51
2022-01-29 21:27:58,2022,1,8.732999999999999,12.581999999999999,7.484,20.722,13.21,9.879999999999999,5.141,14.432000000000002
2022-01-28 16:13:39,2022,1,5.255999999999999,10.846,1.9220000000000002,12.433000000000002,4.552,1.3599999999999999,3.103,2.8369999999999997
2022-01-28 00:24:19,2022,1,8.295,6.98,5.664000000000001,18.715000000000003,8.986,3.297,3.525,8.536000000000001
2022-01-26 01:07:41,2022,1,14.508999999999997,15.321000000000002,9.564,38.976,7.68,18.148999999999997,7.181,15.254
2022-01-25 11:10:16,2022,1,2.9,1.5239999999999998,0.5,5.97,1.31,2.669,0.6950000000000001,2.0999999999999996
2022-01-24 21:01:27,2022,1,1.369,1.907,0.0,5.563,3.8099999999999996,1.938,1.258,3.109
2022-01-24 18:31:27,2022,1,7.224,0.9850000000000001,0.414,6.11,3.4070000000000005,0.8180000000000001,0.875,11.022
2022-01-24 14:26:50,2022,1,3.765,4.8549999999999995,2.1420000000000003,8.06,1.89,1.547,0.547,4.11
2022-01-22 12:20:41,2022,1,2.559,0.398,0.0,4.641,2.8,0.0,0.0,2.2659999999999996
2022-01-18 02:02:07,2022,1,6.951,4.939,3.0089999999999995,17.351999999999997,5.271000000000001,4.752999999999999,2.726,7.929
2022-01-15 09:05:25,2022,1,7.264,3.383,3.399,14.148000000000003,3.4400000000000004,6.359,1.883,7.65
2022-01-14 07:40:20,2022,1,45.111,49.39,37.66499999999999,109.22899999999998,48.805,47.84,16.739,79.10399999999998
2022-01-14 01:01:41,2022,1,6.1419999999999995,6.057,1.9760000000000002,10.028,5.5409999999999995,4.5120000000000005,1.9539999999999997,3.8829999999999996
2022-01-13 12:06:08,2022,1,12.985999999999999,7.557999999999999,3.508,22.868,8.276,6.462,2.037,14.809999999999999
2022-01-13 06:18:23,2022,1,12.773000000000001,9.732,6.3180000000000005,19.487,7.628,8.063,1.931,18.429
2022-01-10 17:47:39,2022,1,27.405000000000005,29.940999999999995,17.589,65.598,26.686999999999994,33.636,10.511,36.374
2022-01-10 01:41:38,2022,1,29.206000000000003,35.37800000000001,15.147,40.017999999999994,28.487000000000002,20.796000000000003,12.440999999999999,46.541000000000004
2022-01-07 07:20:12,2022,1,12.403,17.457,5.494,32.157,10.557,9.770000000000001,5.994,14.251999999999999
2021-12-31 11:18:20,2021,12,9.273,4.9910000000000005,5.141,20.127999999999997,3.5880000000000005,7.137000000000001,0.539,16.756
2021-12-31 03:47:30,2021,12,6.059000000000001,3.2640000000000002,3.338,11.221000000000002,3.474,2.9539999999999997,4.852,5.885
2021-12-31 03:09:21,2021,12,6.059000000000001,3.2640000000000002,3.338,11.221000000000002,3.474,2.9539999999999997,4.852,5.885
2021-12-30 01:06:20,2021,12,5.504999999999999,4.845000000000001,3.65,9.561,4.215000000000001,4.148,1.867,5.278
2021-12-29 16:43:40,2021,12,38.15,21.868000000000002,9.530000000000001,69.80400000000002,10.372,17.225,10.311,16.83
2021-12-28 14:49:01,2021,12,8.344,3.717,3.071,14.098999999999998,2.2820000000000005,4.1259999999999994,0.797,3.64
2021-12-28 07:39:42,2021,12,13.260000000000002,18.074,4.723,24.605,7.628,8.616,8.958,16.649
2021-12-28 03:47:14,2021,12,10.228,14.536,6.363,24.127000000000002,6.768,11.549,4.851999999999999,10.3
2021-12-27 08:20:33,2021,12,2.8649999999999998,1.9530000000000003,1.548,7.924,3.0740000000000003,4.077999999999999,0.359,2.721
2021-12-27 05:18:01,2021,12,8.011000000000001,7.2379999999999995,6.515999999999999,18.133,8.146,10.813,1.9929999999999999,12.79
2021-12-27 05:08:10,2021,12,5.593,6.93,2.0620000000000003,12.071000000000002,3.3530000000000006,2.579,4.274,6.686
2021-12-25 17:42:16,2021,12,17.163,18.868,10.531,24.641,12.106,11.294,8.273,21.124999999999993
2021-12-24 08:43:27,2021,12,17.414000000000005,15.771999999999998,8.071,28.306000000000004,16.874999999999996,10.987,4.234,23.88800000000001
2021-12-24 03:18:02,2021,12,5.991000000000001,6.9,4.0329999999999995,10.472999999999999,3.047,4.4910000000000005,4.328,9.884999999999998
2021-12-22 11:46:32,2021,12,5.627999999999999,3.282,2.047,6.843999999999999,1.4210000000000003,1.141,1.6560000000000001,1.047
2021-12-22 05:09:53,2021,12,3.633,2.456,0.656,5.484,0.786,1.149,0.8909999999999999,2.7190000000000003
2021-12-19 22:58:58,2021,12,7.467999999999999,3.5620000000000003,5.023,15.234,1.621,5.1339999999999995,0.8520000000000001,5.8100000000000005
2021-12-17 08:33:35,2021,12,4.381,2.8200000000000003,1.117,9.921,0.7140000000000001,2.024,1.546,2.327
2021-12-17 02:07:34,2021,12,5.398,8.212,2.868,11.540000000000001,6.287,3.6729999999999996,2.376,5.039
2021-12-16 10:28:05,2021,12,22.102999999999998,28.111,8.931000000000001,41.527,22.444000000000003,23.396,12.061,35.349
2021-12-10 04:26:26,2021,12,13.136999999999997,15.001999999999999,10.988000000000001,19.203999999999994,13.74,12.480000000000002,6.135,18.158000000000005
2021-12-07 04:43:47,2021,12,10.242999999999999,6.5059999999999985,7.555000000000001,16.875999999999998,8.386000000000001,9.761000000000001,2.6010000000000004,12.648999999999997
2021-12-03 19:33:22,2021,12,7.153,3.974,2.5,12.208,5.050000000000001,7.0569999999999995,1.625,6.576
2021-12-03 10:55:52,2021,12,5.0329999999999995,4.188,2.758,7.202,3.223,4.184,0.664,7.132
2021-12-02 10:06:05,2021,12,7.923000000000001,6.744000000000001,4.212,15.966999999999999,4.0969999999999995,5.444999999999999,1.891,7.830000000000001
2021-12-02 03:09:32,2021,12,3.123,5.353,1.1720000000000002,3.5,2.5270000000000006,1.725,1.5630000000000002,5.804
2021-12-01 01:05:44,2021,12,10.998,6.611,2.415,20.282,7.1080000000000005,3.798,1.8829999999999998,10.018
2021-11-28 10:17:39,2021,11,13.552000000000001,11.448,4.032,20.847,10.316,12.991,4.9910000000000005,14.398000000000001
2021-11-24 16:22:59,2021,11,5.720000000000001,3.203,1.9300000000000002,10.611999999999998,1.584,2.3340000000000005,2.335,3.725
2021-11-24 03:02:04,2021,11,6.558999999999998,6.055,1.704,11.389,5.6579999999999995,2.0920000000000005,1.407,11.015
2021-11-23 03:48:45,2021,11,3.9330000000000003,8.129999999999999,1.6560000000000001,7.8999999999999995,3.2089999999999996,4.0169999999999995,2.617,3.365
2021-11-23 03:37:43,2021,11,0.853,0.766,0.0,1.5470000000000002,0.0,0.0,0.0,0.0
2021-11-19 07:34:28,2021,11,12.468999999999998,8.283,4.265,19.814,6.824000000000001,9.014000000000001,3.127,8.147
2021-11-18 23:50:26,2021,11,4.196,4.304,1.172,9.942,3.126,3.542,0.992,7.9529999999999985
2021-11-17 17:03:01,2021,11,15.541000000000004,11.754999999999999,10.644,27.795,9.421999999999999,10.762000000000002,4.515,23.233000000000004
2021-11-15 22:47:57,2021,11,0.344,1.391,0.532,3.532,0.545,0.969,0.086,0.9530000000000001
2021-11-15 20:08:19,2021,11,1.7750000000000001,2.836,1.7890000000000001,5.894,8.706000000000001,3.6029999999999998,0.0,11.952000000000002
2021-11-12 13:53:42,2021,11,2.5149999999999997,2.079,1.094,5.545,1.8439999999999999,1.141,1.1560000000000001,1.159
2021-11-06 03:15:23,2021,11,5.659,4.428,3.5710000000000006,8.456,1.5310000000000001,6.703,4.033,5.380999999999999
2021-11-06 01:59:29,2021,11,15.199000000000003,18.517,7.022,25.624,11.981000000000002,9.668000000000001,6.595,13.489
2021-11-05 15:26:27,2021,11,15.199000000000003,18.517,7.022,25.624,11.981000000000002,9.668000000000001,6.595,13.489
2021-11-04 10:47:02,2021,11,4.180000000000001,2.649,1.305,8.285,0.8580000000000001,3.982,1.1099999999999999,4.975
2021-11-02 20:27:27,2021,11,28.535,20.304,16.363999999999997,45.46799999999998,22.755999999999993,34.409,6.545999999999999,44.203
2021-10-31 05:28:06,2021,10,22.676000000000002,16.691000000000003,10.517,36.801,18.502000000000002,17.818,12.092,18.837
2021-10-30 16:45:02,2021,10,65.197,65.72500000000002,36.887,109.98599999999995,44.83,44.50699999999999,16.383,77.16300000000003
2021-10-30 10:09:07,2021,10,11.678,6.29,5.258,15.676,5.139,6.614999999999999,1.242,9.000999999999998
2021-10-26 22:47:05,2021,10,9.096,11.649999999999999,4.288,17.832,9.048000000000002,8.148,2.517,11.104999999999999
2021-10-26 11:31:32,2021,10,13.647999999999998,17.935000000000002,7.6,29.836,12.951,10.591999999999999,4.705,27.014999999999997
2021-10-23 13:21:10,2021,10,7.109999999999999,8.31,2.9530000000000003,14.203,5.875000000000001,5.319000000000001,3.1959999999999997,7.563
2021-10-22 20:09:36,2021,10,24.455,20.329,8.859,35.45900000000001,24.538000000000004,16.425000000000004,9.121,27.48899999999999
2021-10-22 16:30:52,2021,10,6.159,4.786,1.774,11.632000000000001,2.839,1.94,1.133,5.117000000000001
2021-10-22 12:30:37,2021,10,11.450999999999999,8.29,5.319000000000001,20.691000000000003,7.686,10.161,2.97,8.716999999999999
2021-10-21 17:11:27,2021,10,16.519000000000002,9.937999999999999,9.282,30.054999999999993,10.451999999999998,13.655999999999999,4.963,14.732999999999997
2021-10-20 09:10:46,2021,10,9.803,8.055,6.180000000000001,19.552,10.007,10.259999999999998,3.6799999999999997,13.296
2021-10-20 07:42:33,2021,10,6.101000000000001,0.687,2.2969999999999997,7.1579999999999995,0.8340000000000001,3.084,1.8679999999999999,2.67
2021-10-20 04:50:57,2021,10,8.562000000000001,6.960999999999999,2.437,12.59,1.4330000000000003,7.419999999999998,1.617,10.687
2021-10-17 22:26:10,2021,10,17.744000000000003,10.427999999999997,7.462999999999999,28.657,8.192,14.729999999999997,5.296,16.048
2021-10-17 14:53:16,2021,10,3.7430000000000003,2.04,0.492,9.625,0.8130000000000001,1.2349999999999999,0.172,8.334
2021-10-16 18:16:06,2021,10,8.775,10.745,4.087,17.403,6.558,7.846,2.4919999999999995,8.564
2021-10-15 18:22:51,2021,10,2.903,1.476,0.0,6.648000000000001,0.0,0.719,0.32,1.3679999999999999
2021-10-15 07:44:47,2021,10,6.621,2.3520000000000003,2.156,12.615000000000002,0.726,3.138,0.773,5.891
2021-10-11 14:57:10,2021,10,5.996,0.734,0.516,9.554,0.515,1.282,0.398,4.78
2021-10-11 06:34:56,2021,10,6.819999999999999,6.631,5.821,13.039999999999997,7.66,5.4830000000000005,2.5709999999999997,11.739999999999998
2021-10-08 10:11:40,2021,10,1.186,2.05,1.352,5.193,2.29,1.606,1.266,0.391
2021-10-08 07:58:25,2021,10,0.853,0.0,0.0,1.5470000000000002,0.438,0.379,0.0,0.0
2021-10-08 07:00:08,2021,10,8.352,16.685000000000002,4.579999999999999,20.023,6.8420000000000005,6.924,6.093,13.139
2021-10-04 11:46:17,2021,10,23.576,25.293999999999997,12.023,47.589,16.160999999999998,17.670000000000005,9.471,35.17400000000001
2021-10-03 18:24:51,2021,10,4.059,2.4299999999999997,1.5850000000000002,8.485,1.418,3.107999999999999,0.0,4.632
2021-10-03 08:45:10,2021,10,13.526000000000002,1.992,2.211,11.491999999999999,1.7489999999999999,3.3339999999999996,6.29,4.42
2021-10-01 09:49:42,2021,10,7.174,7.108,3.686,12.819000000000003,7.1080000000000005,6.728,2.1799999999999997,12.232
2021-09-30 02:53:28,2021,9,4.105,2.2,1.703,11.159,0.984,1.751,0.618,6.906
2021-09-28 15:25:54,2021,9,5.527,5.649,1.6719999999999997,9.822,4.929,2.797,1.852,5.359
2021-09-27 02:02:58,2021,9,8.294,13.8,1.812,12.320000000000002,10.058,3.487,5.175,10.593000000000002
2021-09-26 21:48:25,2021,9,5.783,1.4609999999999999,2.86,8.895,0.156,4.827999999999999,0.797,2.5309999999999997
2021-09-21 21:35:56,2021,9,8.552,4.593,3.2190000000000003,15.514999999999999,2.844,5.638999999999999,3.4219999999999997,9.57
2021-09-20 17:42:03,2021,9,8.797,6.702,3.687,21.145,10.809,13.620999999999999,0.891,10.119
2021-09-19 21:12:05,2021,9,4.809,3.756,4.641000000000001,9.456,4.010000000000001,4.138999999999999,2.376,3.968
2021-09-18 03:59:58,2021,9,20.461999999999996,12.981000000000002,12.422,32.64099999999999,15.639,16.531000000000002,6.485,28.689999999999998
2021-09-16 05:18:52,2021,9,16.297,12.17,11.959,32.721000000000004,9.697000000000001,16.717999999999996,5.061,28.697
2021-09-09 03:23:49,2021,9,0.853,1.305,0.0,2.814,0.422,0.6559999999999999,0.32,0.515
2021-09-09 00:21:41,2021,9,0.853,0.438,0.0,2.4859999999999998,0.422,0.968,0.0,0.242
2021-09-08 03:32:09,2021,9,10.617999999999999,4.9719999999999995,2.556,11.945,3.848,2.16,1.032,4.079
2021-09-07 17:51:59,2021,9,6.966000000000001,10.615,1.8590000000000002,12.142,4.981,4.189,3.0940000000000003,4.3709999999999996
2021-09-07 11:25:00,2021,9,23.258999999999997,19.207,10.695,43.54699999999998,15.205,21.881,11.251999999999999,22.548000000000002
2021-09-07 05:43:47,2021,9,5.804,5.799,5.56,8.505,7.816000000000001,12.198,2.953,8.709
2021-09-06 05:20:54,2021,9,4.904,6.118,4.429,11.622,3.736,3.41,2.4289999999999994,7.486000000000001
2021-09-06 04:19:19,2021,9,11.357999999999999,13.777,8.739999999999998,24.570999999999998,12.059999999999999,8.932,5.1579999999999995,12.535
2021-09-04 15:29:07,2021,9,8.747,17.439999999999998,5.366,16.438000000000002,6.271,6.883999999999999,5.094,10.5
2021-09-03 10:51:03,2021,9,42.791999999999994,29.876,24.368000000000002,75.46700000000003,23.682000000000002,35.493,11.992,40.929
2021-09-03 04:18:07,2021,9,10.581000000000001,4.680999999999999,2.468,14.937999999999997,4.21,9.181,1.2109999999999999,10.171
2021-08-31 18:37:14,2021,8,18.692999999999998,15.477999999999998,7.807000000000001,28.026999999999997,7.3450000000000015,10.992,4.622,17.423000000000002
2021-08-30 19:03:31,2021,8,5.367,7.409,2.656,14.596000000000002,3.8120000000000003,6.998,2.859,2.5159999999999996
2021-08-30 06:43:03,2021,8,10.876,3.6300000000000003,6.546,19.141,5.4910000000000005,8.177000000000001,2.6640000000000006,7.1240000000000006
2021-08-29 22:30:53,2021,8,3.47,0.0,1.008,5.621,0.0,1.882,0.0,0.531
2021-08-28 23:58:06,2021,8,7.594,4.885,3.764,16.601,4.4,4.973,2.8679999999999994,5.867000000000001
2021-08-28 01:47:38,2021,8,5.982999999999999,2.8970000000000002,3.5929999999999995,11.735000000000001,3.3040000000000003,5.967999999999999,3.375,5.081
2021-08-27 16:21:56,2021,8,8.14,6.656,5.742999999999999,18.249000000000002,6.541999999999999,6.854,1.992,13.41
2021-08-23 21:56:05,2021,8,5.5280000000000005,5.329,4.631999999999999,11.374,3.9610000000000003,6.064000000000001,1.931,4.391
2021-08-21 02:30:00,2021,8,4.783999999999999,3.0450000000000004,2.547,9.267999999999999,4.018,2.2359999999999998,0.359,3.4149999999999996
2021-08-20 04:35:21,2021,8,13.689000000000002,12.303999999999998,7.921,23.564999999999998,11.306000000000003,13.026000000000002,3.8739999999999997,14.585
2021-08-19 10:03:43,2021,8,109.101,130.38100000000003,74.128,247.03500000000005,85.98799999999997,115.83600000000001,28.334000000000003,172.5450000000001
2021-08-15 00:28:40,2021,8,12.954,8.786,7.022,21.552,7.972,10.735999999999999,1.266,10.31
2021-08-13 15:06:46,2021,8,17.366,27.003999999999998,9.687,29.902,19.630999999999997,19.074,5.847,24.180999999999997
2021-08-10 04:54:01,2021,8,11.416,11.027000000000001,9.36,20.756999999999998,4.712000000000001,10.366000000000001,7.087000000000001,7.906
2021-08-06 16:07:12,2021,8,8.862,17.651999999999997,4.321000000000001,19.947000000000003,8.413,7.83,5.556,11.965
2021-08-06 05:08:27,2021,8,3.5069999999999997,5.204,2.4680000000000004,10.735,1.336,4.622999999999999,2.132,6.7010000000000005
2021-08-03 21:45:05,2021,8,9.283000000000001,5.469,4.584999999999999,16.804000000000002,5.134,6.915,3.6489999999999996,15.459
2021-08-02 00:02:13,2021,8,10.319,10.388,3.101,15.399999999999999,7.077999999999999,8.546000000000003,2.843,10.219999999999999
2021-07-28 20:14:01,2021,7,8.018,6.348999999999999,5.602000000000001,14.066999999999998,5.061,5.7,2.9529999999999994,7.228999999999999
2021-07-27 22:41:33,2021,7,11.241,4.187,5.4910000000000005,16.223,3.914,10.838,1.32,5.008000000000001
2021-07-27 16:47:09,2021,7,23.947000000000003,17.896,13.193999999999999,32.268,7.084,20.473,8.859,22.781000000000002
2021-07-27 08:37:31,2021,7,0.853,1.226,0.0,1.75,1.03,3.3609999999999998,0.0,3.123
2021-07-27 02:24:17,2021,7,3.5300000000000002,3.025,0.758,6.768000000000001,1.859,6.233,0.75,3.632
2021-07-26 19:37:43,2021,7,8.318,6.976,2.156,11.325,2.718,2.606,1.672,4.274
2021-07-26 16:36:28,2021,7,6.051,16.012,1.657,9.324000000000002,9.229000000000001,4.488,7.228000000000001,9.675
2021-07-25 20:31:44,2021,7,7.931000000000001,4.859,0.923,10.059000000000001,1.2349999999999999,1.384,1.319,4.0489999999999995
2021-07-24 13:33:22,2021,7,11.587,9.404999999999998,4.296,19.491999999999997,8.871,4.731,4.595,11.311999999999998
2021-07-22 22:20:45,2021,7,3.131,1.633,1.9210000000000003,4.416,1.117,1.4849999999999999,0.593,0.8540000000000001
2021-07-22 12:41:36,2021,7,13.544999999999998,35.53,8.421,29.221000000000004,40.051,14.950999999999999,4.460999999999999,53.812999999999995
2021-07-21 23:08:30,2021,7,10.322999999999999,16.263,6.4849999999999985,11.264,10.560999999999998,5.939,5.959,16.704
2021-07-19 08:20:05,2021,7,4.078,6.218999999999999,2.3979999999999997,8.942,4.221,6.872,2.7499999999999996,5.4479999999999995
2021-07-15 17:32:12,2021,7,6.006,6.976,3.08,10.386999999999999,8.238,6.267,0.718,7.332999999999999
2021-07-15 13:59:00,2021,7,4.878,1.32,4.008,7.713,2.021,2.032,0.172,4.162999999999999
2021-07-12 21:34:23,2021,7,8.658,8.689,1.673,15.224,4.004,5.478,3.452,9.858
2021-07-11 05:24:43,2021,7,3.401,4.063,0.18,9.038,3.646,2.5869999999999997,1.173,4.266
2021-07-09 05:34:05,2021,7,0.239,2.759,0.891,2.479,1.9280000000000002,0.062,0.735,3.6870000000000003
2021-07-06 22:34:41,2021,7,2.64,2.296,4.279999999999999,4.091,3.073,1.3750000000000002,0.735,5.835
2021-07-06 06:11:11,2021,7,8.497,6.033,2.7510000000000003,11.366,4.41,5.776999999999999,4.109,4.3
2021-07-06 00:07:44,2021,7,4.12,0.867,1.7570000000000001,8.299,4.8069999999999995,1.513,0.32,8.594999999999999
2021-07-05 21:23:21,2021,7,4.527,0.0,1.4769999999999999,5.907,0.0,2.1069999999999998,0.0,0.468
2021-07-05 14:04:08,2021,7,5.332,0.609,0.383,7.625,2.9680000000000004,1.843,1.094,2.695
2021-07-03 22:41:42,2021,7,9.126000000000001,10.595999999999998,4.331,13.972999999999999,10.158000000000001,7.857,3.336,12.127999999999997
2021-07-03 03:56:56,2021,7,11.190000000000001,7.07,3.7350000000000003,22.43,4.774,7.864,5.56,6.439000000000001
2021-07-01 05:06:47,2021,7,7.17,7.843,2.8830000000000005,16.91,10.43,6.383000000000001,6.142,7.385
2021-06-30 02:18:33,2021,6,1.2879999999999998,2.9370000000000003,1.133,4.812,3.111,1.42,1.2029999999999998,3.313
2021-06-25 05:48:46,2021,6,6.698,6.398,2.4450000000000003,10.171,6.196,4.9590000000000005,4.605,8.462
2021-06-24 05:55:20,2021,6,6.640000000000001,6.348000000000001,2.271,12.718,6.179,1.9639999999999997,2.485,4.024
2021-06-23 02:00:48,2021,6,5.54,2.3280000000000003,2.4270000000000005,8.687999999999999,3.8529999999999998,3.283,0.758,5.515
2021-06-22 18:56:00,2021,6,10.775,7.147999999999999,3.89,17.521,4.594,5.154,3.149,7.529999999999999
2021-06-19 23:52:43,2021,6,4.704,4.588,1.937,9.802,1.843,2.691,2.469,1.745
2021-06-18 20:06:22,2021,6,2.9859999999999998,1.032,1.298,3.8510000000000004,1.786,1.603,0.7030000000000001,3.429
2021-06-16 19:51:54,2021,6,1.5829999999999997,3.158,0.532,7.508000000000001,1.368,0.469,1.9609999999999999,2.093
2021-06-14 17:27:39,2021,6,7.757999999999999,3.11,3.8340000000000005,10.020999999999999,3.011,2.7880000000000003,1.485,5.554
2021-06-13 23:47:49,2021,6,21.476,26.777999999999995,8.928,33.00100000000001,16.635,11.706999999999999,8.767,26.248
2021-06-13 17:53:39,2021,6,10.635,16.295,5.649,18.484,6.687999999999999,6.313,5.587000000000001,13.177
2021-06-12 15:59:56,2021,6,12.685999999999998,16.032,4.1419999999999995,27.225,8.368,9.44,6.544,14.068
2021-06-10 21:10:19,2021,6,19.595,32.734000000000016,13.360999999999997,33.342,20.123000000000005,17.723999999999997,12.155000000000001,32.43300000000001
2021-06-08 21:46:16,2021,6,7.517999999999999,6.244,5.187,13.905000000000001,7.609999999999999,6.252999999999998,2.259,8.86
2021-05-31 12:41:47,2021,5,12.969999999999999,10.886,5.955,18.939,8.688999999999998,13.073,4.877000000000001,7.707000000000001
2021-05-30 12:24:54,2021,5,8.343,3.551,4.545999999999999,11.168999999999999,4.334,5.219,1.4300000000000002,4.335999999999999
2021-05-29 20:32:45,2021,5,14.84,25.202,12.568,43.93499999999999,15.066,29.251,8.890999999999998,24.718000000000004
2021-05-28 20:51:18,2021,5,10.447999999999999,12.5,3.185,21.157000000000004,5.099,6.583,2.961,11.320999999999998
2021-05-28 01:49:37,2021,5,5.697,8.081,4.466,16.365000000000002,7.36,7.214,3.234,12.280999999999999
2021-05-26 20:53:32,2021,5,6.115,3.492,2.9069999999999996,9.076,1.3559999999999999,1.735,3.4840000000000004,5.869
2021-05-23 15:32:24,2021,5,25.620999999999995,20.233,13.853,51.058,13.321000000000002,23.019,12.007,29.873000000000005
2021-05-21 22:48:25,2021,5,6.219999999999999,6.274,3.4219999999999997,14.477999999999998,3.858,5.0009999999999994,1.593,7.728
2021-05-19 16:37:10,2021,5,1.306,0.0,0.391,2.2030000000000003,0.0,1.484,1.555,0.0
2021-05-18 20:29:06,2021,5,2.859,3.515,2.032,4.892,2.319,0.734,1.0619999999999998,6.171
2021-05-16 20:53:28,2021,5,7.463,3.404,2.9379999999999997,8.840000000000002,3.6879999999999997,5.423,0.0,8.642
2021-05-16 20:52:59,2021,5,7.463,3.404,2.9379999999999997,8.840000000000002,3.6879999999999997,5.423,0.0,8.642
2021-05-14 08:01:23,2021,5,13.300999999999998,4.034999999999999,5.893999999999999,26.716,3.7579999999999996,14.828000000000001,0.797,9.138000000000002
2021-05-13 23:31:15,2021,5,9.070000000000002,3.048,3.492,17.485,5.304,7.783,4.843,11.788
2021-05-09 08:36:59,2021,5,7.605999999999998,3.634,2.571,12.883000000000003,2.593,4.4159999999999995,3.421,3.597
2021-05-07 04:34:02,2021,5,63.251999999999995,54.376000000000005,41.248,119.835,47.45000000000001,55.45199999999998,17.283,95.70199999999997
2021-05-04 23:58:55,2021,5,12.853000000000002,10.207999999999998,4.071,24.939999999999998,7.635999999999998,6.590999999999999,2.4059999999999997,19.029
2021-05-03 16:53:37,2021,5,8.817,6.39,4.602,13.334,5.039000000000001,4.312,2.391,9.983
2021-05-01 04:58:24,2021,5,3.903,6.508,2.3680000000000003,10.943999999999999,4.252000000000001,4.9270000000000005,3.939,7.531000000000001
2021-04-26 19:55:39,2021,4,18.898999999999997,11.392,6.397,29.645000000000003,14.728000000000002,16.044999999999998,7.353,13.134
2021-04-25 17:48:53,2021,4,8.929999999999998,9.764,5.617000000000001,17.804,7.6610000000000005,9.095999999999998,4.109999999999999,17.16
2021-04-25 01:10:33,2021,4,10.396,15.095000000000002,3.3819999999999997,18.591,5.897,6.2589999999999995,7.554,14.139999999999999
2021-04-24 06:00:25,2021,4,27.529,6.568,12.717,45.818999999999996,5.926000000000001,23.375,3.8909999999999996,8.029
2021-04-19 19:46:19,2021,4,13.294,19.124000000000002,6.868,18.021,12.289,7.24,8.884,18.924000000000003
2021-04-18 03:51:03,2021,4,14.757,11.062,3.275,22.683000000000003,11.806,7.019,5.867999999999999,11.567
2021-04-18 00:11:08,2021,4,3.121,2.742,1.219,6.5760000000000005,1.875,1.563,0.907,0.993
2021-04-16 04:44:53,2021,4,5.962,2.3840000000000003,3.2030000000000003,10.12,3.13,1.8819999999999997,2.335,3.8289999999999997
2021-04-09 19:53:14,2021,4,6.7059999999999995,4.407,3.414,13.333,3.9979999999999998,8.475,1.2890000000000001,9.288999999999998
2021-04-09 17:14:49,2021,4,7.764,3.584,4.835,13.836000000000002,1.751,8.596,0.367,3.0530000000000004
2021-04-09 06:56:25,2021,4,4.928,10.549000000000001,1.22,11.373,4.327,2.105,2.8349999999999995,9.294
2021-04-07 18:10:12,2021,4,10.533999999999999,16.092999999999996,4.611,22.737000000000005,14.579999999999998,10.816,4.101,9.985
2021-04-06 05:26:51,2021,4,8.856,11.323999999999998,4.167000000000001,19.369000000000003,8.181,8.418,8.258000000000001,9.174999999999999
2021-04-05 01:38:46,2021,4,7.694,4.547,3.2350000000000003,13.517000000000001,6.467,5.937,1.3130000000000002,9.741
2021-04-03 22:48:11,2021,4,2.997,1.227,1.266,3.553,2.281,1.054,0.344,1.9300000000000002
2021-04-03 15:28:20,2021,4,3.0759999999999996,1.3290000000000002,3.227,8.298000000000002,1.6870000000000003,2.25,0.7499999999999999,1.612
2021-04-02 02:29:27,2021,4,28.01000000000001,24.173000000000002,16.008999999999997,45.423,24.340999999999998,30.889000000000003,6.958,32.446999999999996
2021-04-01 19:41:00,2021,4,5.832999999999999,5.283,0.625,11.412,3.1840000000000006,2.289,2.4459999999999997,6.897
2021-03-31 04:55:31,2021,3,8.74,2.508,0.586,12.778,2.4669999999999996,1.4100000000000001,1.288,5.569000000000001
2021-03-31 02:21:39,2021,3,6.527000000000001,4.085999999999999,4.446,12.398,12.517999999999997,7.040000000000001,2.086,12.208999999999996
2021-03-28 03:25:43,2021,3,13.966999999999999,10.977999999999998,7.554,25.247000000000003,8.684000000000001,12.201000000000002,3.033,10.211
2021-03-16 20:28:27,2021,3,8.862,11.012,3.4069999999999996,17.586000000000006,6.873,7.371999999999999,6.22,11.166999999999998
2021-03-16 13:15:14,2021,3,11.590000000000002,16.968,15.430999999999997,31.33,15.977000000000002,19.766999999999996,5.119000000000001,18.334
2021-03-15 16:02:29,2021,3,1.706,2.11,0.0,3.797,0.64,1.067,0.516,0.391
2021-03-13 23:51:20,2021,3,1.387,2.8659999999999997,1.875,5.622999999999999,1.21,1.516,0.594,1.047
2021-03-13 17:01:40,2021,3,4.078,2.641,1.7570000000000001,8.806,1.108,2.629,1.4380000000000002,1.899
2021-03-13 08:09:57,2021,3,3.8790000000000004,4.242,2.929,5.513,3.567,2.898,0.508,3.49
2021-03-13 06:04:28,2021,3,3.168,2.1799999999999997,0.937,5.481999999999999,3.393,1.202,1.0310000000000001,6.647000000000001
2021-03-04 04:14:21,2021,3,4.486,2.7430000000000003,2.2580000000000005,9.047,3.162,2.376,4.313,5.997
2021-03-02 19:14:43,2021,3,4.681,2.688,1.953,7.584999999999999,2.407,4.064,0.6639999999999999,3.234
2021-02-25 23:40:11,2021,2,5.306000000000001,8.717,2.9930000000000003,12.71,9.343999999999998,7.654999999999999,5.095,7.459000000000001
2021-02-20 04:55:36,2021,2,4.679,4.6579999999999995,1.4459999999999997,9.282,2.7700000000000005,2.233,1.415,5.829
2021-02-18 07:31:37,2021,2,8.226,6.062,4.452999999999999,13.543,3.7489999999999997,6.105,0.61,5.108
2021-02-15 03:14:18,2021,2,2.778,2.921,0.352,5.787,1.751,0.0,0.391,3.266
2021-02-14 00:54:20,2021,2,6.4590000000000005,3.817,3.618,12.959999999999999,3.569,3.888,1.6800000000000002,5.986
2021-02-12 21:46:00,2021,2,18.177000000000003,10.652999999999999,9.953999999999999,41.823,6.716,11.931999999999999,5.672000000000001,15.116
2021-02-09 04:37:18,2021,2,10.832000000000003,8.526,4.21,24.178,8.136000000000001,13.703999999999999,4.477,10.687
2021-02-08 15:40:47,2021,2,15.436,10.046,8.352,27.468999999999998,3.9210000000000003,12.170000000000002,7.844000000000001,12.634999999999998
2021-02-03 05:13:05,2021,2,5.408,4.51,1.563,8.69,0.937,3.006,1.6400000000000001,1.54
2021-01-31 12:41:14,2021,1,6.483999999999999,14.096,3.4539999999999997,11.754999999999999,5.1000000000000005,10.822999999999999,3.593,17.127
2021-01-30 20:50:06,2021,1,0.853,1.352,0.117,2.2190000000000003,1.188,0.0,0.0,0.875
2021-01-30 20:37:30,2021,1,0.853,1.352,0.117,2.2190000000000003,1.188,0.0,0.0,0.875
2021-01-30 20:37:28,2021,1,0.853,1.352,0.117,2.2190000000000003,1.188,0.0,0.0,0.875
2021-01-30 20:37:27,2021,1,0.853,1.352,0.117,2.2190000000000003,1.188,0.0,0.0,0.875
2021-01-30 20:37:21,2021,1,0.853,1.352,0.117,2.2190000000000003,1.188,0.0,0.0,0.875
2021-01-30 20:29:50,2021,1,0.853,1.352,0.117,2.2190000000000003,1.188,0.0,0.0,0.875
2021-01-30 20:27:54,2021,1,0.853,1.352,0.117,2.2190000000000003,1.188,0.0,0.0,0.875
2021-01-28 01:05:32,2021,1,10.488000000000001,9.078999999999999,7.554,16.065,6.295,9.165999999999999,3.671,11.272000000000002
2021-01-27 19:10:01,2021,1,10.695,11.544999999999998,4.727,19.028000000000002,3.8480000000000003,9.094999999999999,2.79,12.824000000000002
2021-01-26 05:30:01,2021,1,2.43,1.0070000000000001,0.18,6.109999999999999,0.394,3.3000000000000003,0.0,1.8980000000000001
2021-01-25 20:58:12,2021,1,6.588000000000001,3.8210000000000006,4.421,10.631,3.287,9.688,1.624,7.429
2021-01-25 20:22:59,2021,1,113.844,70.52500000000002,47.55599999999999,214.05100000000004,83.58699999999999,66.198,18.677,127.20099999999995
2021-01-25 16:01:20,2021,1,11.916,5.71,4.351,15.834000000000001,3.853,5.624,1.711,7.636
2021-01-25 03:29:58,2021,1,18.435,21.355000000000004,7.515,29.751999999999992,13.248000000000003,18.810000000000002,10.326,27.067999999999994
2021-01-23 04:07:34,2021,1,7.03,7.425999999999999,4.36,20.833999999999996,6.688000000000001,9.108,2.7190000000000003,8.311
2021-01-19 06:50:58,2021,1,2.039,1.3900000000000001,0.492,3.903,0.141,0.594,0.32,0.515
2021-01-17 00:24:26,2021,1,9.299000000000001,3.6910000000000003,5.6949999999999985,14.589000000000002,5.803000000000001,10.406,1.3679999999999999,9.742
2021-01-16 16:43:07,2021,1,17.480999999999998,19.338,8.936,29.787000000000006,7.896,15.589,4.813,14.318
2021-01-15 07:00:56,2021,1,6.894,4.329,3.2659999999999996,11.27,5.233,4.827,2.711,7.178000000000001
2021-01-13 16:35:27,2021,1,7.9270000000000005,8.338000000000001,2.422,16.098,6.448,3.134,0.969,9.725999999999999
2021-01-13 01:32:23,2021,1,11.209000000000001,10.369,3.259,13.057,5.793,5.814,2.064,7.858999999999998
2021-01-11 00:54:52,2021,1,3.9360000000000004,8.734,1.422,6.678,1.575,4.417000000000001,5.114,4.046
2021-01-09 19:53:42,2021,1,6.6,8.227,2.5780000000000003,13.216999999999999,3.3390000000000004,4.286999999999999,3.585,7.8919999999999995
2021-01-06 19:40:26,2021,1,7.548,6.938,4.219,16.471999999999998,4.353,6.513,2.9379999999999997,8.876
2021-01-06 16:33:22,2021,1,3.68,0.398,1.164,5.635000000000001,0.891,1.165,0.836,0.757
2021-01-06 05:06:36,2021,1,2.25,8.196000000000002,0.984,6.664000000000001,2.997,3.259,1.734,4.139
2021-01-04 19:35:24,2021,1,1.763,1.148,1.773,4.272,1.8910000000000002,2.708,0.391,3.6959999999999997
2021-01-04 15:29:45,2021,1,24.292,24.490000000000002,10.633000000000003,47.23599999999999,16.104,15.128999999999996,10.447,23.947000000000003
2021-01-03 22:45:15,2021,1,12.526999999999997,4.083,3.134,26.9,6.4319999999999995,9.514999999999999,3.314,16.183
2021-01-02 12:10:19,2021,1,10.831999999999999,5.407,5.875,18.957,12.648000000000001,10.270999999999999,3.101,8.632
2021-01-02 05:48:46,2021,1,20.769000000000002,15.291999999999998,10.916,32.45000000000001,11.107000000000001,16.125,8.007000000000001,23.217000000000002
2021-01-01 22:21:46,2021,1,9.806999999999999,7.547000000000001,7.222999999999999,18.723000000000006,12.369000000000002,7.034,1.828,16.939999999999998
2020-12-28 01:57:28,2020,12,7.458,3.106,4.475,13.838,2.105,11.423000000000002,0.609,6.2909999999999995
2020-12-23 19:34:49,2020,12,7.228,1.9929999999999999,2.25,12.378,2.137,1.954,2.742,6.478
2020-12-22 19:17:34,2020,12,9.252,13.926,4.546,15.610000000000003,9.547,2.262,4.063,16.919
2020-12-20 06:58:13,2020,12,12.019,4.878,3.6480000000000006,19.077000000000005,8.464,3.3329999999999997,2.148,9.321
2020-12-19 07:56:06,2020,12,36.18700000000001,44.51800000000001,24.423,51.633,46.144,24.423999999999996,16.084999999999997,50.006
2020-12-17 18:49:57,2020,12,8.389999999999999,6.893000000000001,4.117999999999999,11.755,5.069,5.574999999999999,1.8040000000000003,9.962
2020-12-17 16:00:00,2020,12,5.475999999999999,4.228,2.915,10.06,2.052,2.289,3.219,3.1489999999999996
2020-12-17 02:48:17,2020,12,26.857000000000003,19.925,12.42,37.51700000000001,19.698999999999998,25.389000000000003,8.569,44.123
2020-12-15 00:46:00,2020,12,5.333,3.3910000000000005,0.859,16.641,4.795,7.367,4.147,7.068999999999999
2020-12-15 00:19:26,2020,12,22.563999999999993,15.995,8.891,41.2,14.741000000000003,14.437999999999999,7.898999999999999,25.643
2020-12-14 00:37:35,2020,12,2.51,3.8299999999999996,2.4200000000000004,4.592,5.152,1.638,1.079,5.912
2020-12-09 03:24:50,2020,12,2.188,3.8040000000000003,1.024,5.199000000000001,2.12,1.803,0.375,3.8440000000000003
2020-12-08 04:02:10,2020,12,11.178000000000003,10.700000000000001,4.523,23.721999999999998,11.917000000000003,5.928999999999999,4.852,9.123999999999999
2020-12-05 00:19:41,2020,12,4.453,3.469,2.601,8.291,2.2510000000000003,1.678,2.024,1.3980000000000001
2020-12-04 15:32:51,2020,12,28.340999999999994,33.838,16.794,52.391999999999996,27.516000000000002,25.296000000000003,19.102999999999998,33.202000000000005
2020-11-29 12:26:05,2020,11,6.252000000000001,3.369,2.4770000000000003,15.605000000000002,6.804,1.625,1.907,5.321000000000001
2020-11-26 22:39:52,2020,11,9.132,6.859999999999999,4.805,24.244999999999997,2.6159999999999997,7.255,3.039,7.256000000000001
2020-11-26 15:43:37,2020,11,6.501,3.804,3.2579999999999996,15.168000000000001,1.913,4.8420000000000005,1.172,6.952000000000001
2020-11-22 03:42:58,2020,11,19.270999999999997,25.558999999999997,11.515,38.67300000000001,15.681000000000003,12.142000000000001,8.572999999999999,15.428
2020-11-17 10:01:41,2020,11,6.811999999999999,5.509,2.275,11.584,4.314,3.402,2.679,5.133000000000001
2020-11-16 23:13:40,2020,11,10.075999999999999,6.065999999999999,2.8440000000000003,8.325,4.138999999999999,2.2219999999999995,2.447,7.295
2020-11-15 22:09:01,2020,11,5.199000000000001,3.232,3.14,7.858,2.229,4.671,1.383,3.312
2020-11-14 01:01:37,2020,11,3.0140000000000002,0.367,0.0,5.087,0.375,0.773,0.391,1.164
2020-11-13 07:22:31,2020,11,6.32,4.054,0.758,8.394,7.0779999999999985,1.595,1.266,4.359
2020-11-13 02:01:39,2020,11,10.948,5.148000000000001,5.217999999999999,13.091000000000001,8.154,6.4319999999999995,4.336,9.141000000000002
2020-11-10 22:38:55,2020,11,3.0400000000000005,3.367,1.5150000000000001,7.192,1.25,2.6719999999999997,1.2890000000000001,0.0
2020-11-10 20:33:14,2020,11,18.469999999999995,17.647,8.374,40.403000000000006,14.472000000000001,14.673000000000002,4.876,23.848000000000003
2020-11-09 20:48:41,2020,11,17.118,22.253999999999998,10.799999999999999,30.73900000000001,15.807000000000002,15.621999999999998,7.577,29.656999999999996
2020-11-09 09:05:21,2020,11,22.825000000000006,24.289,17.303,49.47300000000001,15.610000000000001,28.45,9.976,21.517
2020-11-08 08:38:23,2020,11,6.222,8.466000000000001,4.75,9.934999999999999,4.841,5.168,2.4679999999999995,5.108
2020-11-07 01:56:39,2020,11,12.293,11.585999999999999,4.946000000000001,21.111,6.121000000000001,10.489999999999998,5.623000000000001,10.078000000000001
2020-11-06 23:37:11,2020,11,5.314,3.8970000000000007,0.266,7.579000000000001,2.416,0.281,0.829,4.32
2020-11-01 11:21:32,2020,11,3.8200000000000003,6.097,2.829,10.818000000000001,3.4600000000000004,5.846,1.79,3.241
2020-10-30 12:21:25,2020,10,1.706,0.8360000000000001,0.0,3.0940000000000003,1.448,0.0,0.172,1.1480000000000001
2020-10-30 09:17:09,2020,10,17.694,7.047000000000001,7.416,25.501,5.9959999999999996,12.683000000000002,3.328,9.863
2020-10-26 00:44:38,2020,10,11.88,12.952999999999998,7.3740000000000006,24.080999999999996,10.084000000000003,8.415000000000001,8.931,18.244999999999997
2020-10-25 21:40:21,2020,10,6.1899999999999995,6.9159999999999995,3.594,14.092,6.719,4.786,2.2439999999999998,4.524
2020-10-22 03:11:55,2020,10,6.188999999999999,7.062999999999999,2.952,11.988000000000001,5.715,4.141,3.055,7.921
2020-10-19 02:06:31,2020,10,9.178,7.829,6.119,17.464,6.265,7.595999999999999,4.625,9.16
2020-10-18 20:13:17,2020,10,6.712,4.9350000000000005,3.907,14.644999999999998,2.355,8.089,2.843,5.072000000000001
2020-10-16 03:54:05,2020,10,2.473,7.5809999999999995,1.453,5.917,3.9010000000000002,1.063,2.2350000000000003,6.984
2020-10-13 19:49:11,2020,10,4.672000000000001,2.1660000000000004,2.618,9.403,5.921,2.8430000000000004,1.657,1.823
2020-10-13 02:35:51,2020,10,188.8539999999999,166.46799999999996,117.21900000000002,342.8709999999998,154.02700000000002,123.73500000000003,58.45099999999999,278.01199999999994
2020-10-12 05:25:34,2020,10,10.266,8.605,2.181,20.204000000000008,5.5649999999999995,4.050999999999999,3.126,11.770000000000001
2020-10-08 19:47:47,2020,10,11.478,11.197000000000001,4.11,22.731000000000005,7.818,10.276999999999997,2.8910000000000005,9.195000000000002
2020-10-08 11:19:02,2020,10,11.597999999999997,8.980999999999998,10.608,18.419000000000004,5.9990000000000006,10.629999999999999,2.8200000000000003,8.703000000000001
2020-10-07 20:32:46,2020,10,1.706,2.727,0.446,4.899,2.52,0.75,1.8290000000000002,1.8039999999999998
2020-10-07 06:26:17,2020,10,11.021,4.348,3.5869999999999997,17.227000000000004,3.4130000000000003,4.074,4.0009999999999994,5.087
2020-10-05 22:02:44,2020,10,4.697,4.281,5.382000000000001,11.74,5.696000000000001,4.952999999999999,2.15,10.912000000000003
2020-10-03 04:05:36,2020,10,11.336,3.391,5.904999999999999,21.122,2.18,9.249999999999998,4.623,6.797000000000001
2020-09-28 18:28:25,2020,9,15.658999999999999,12.842,6.376,30.362,9.357999999999999,13.078999999999999,12.026,19.374000000000002
2020-09-28 14:29:42,2020,9,5.7139999999999995,5.201,3.773,8.308,2.597,5.257,2.899,6.952
2020-09-28 10:13:59,2020,9,5.212000000000001,6.617999999999999,1.633,9.632,3.564,4.430999999999999,1.937,8.629000000000001
2020-09-27 16:59:18,2020,9,26.907000000000004,35.98300000000001,17.38,59.25600000000001,39.241,41.33,10.742,46.82099999999999
2020-09-24 00:33:25,2020,9,7.478000000000001,2.656,3.095,6.854,3.396,1.9060000000000001,0.0,4.524
2020-09-24 00:15:27,2020,9,7.478000000000001,2.656,3.095,6.854,3.396,1.9060000000000001,0.0,4.524
2020-09-23 18:58:40,2020,9,9.353,4.242,3.5240000000000005,22.921000000000003,5.414,9.209999999999997,3.0780000000000003,7.257
2020-09-20 08:13:28,2020,9,2.456,4.807,1.2349999999999999,8.904,1.921,3.4909999999999997,1.023,1.8929999999999998
2020-09-20 03:23:13,2020,9,25.057999999999996,9.947,7.75,31.953,8.793999999999999,12.968,5.060999999999999,11.341999999999999
2020-09-18 19:44:38,2020,9,5.284999999999999,0.966,2.188,9.435,3.6500000000000004,3.1149999999999993,1.141,7.8069999999999995
2020-09-09 04:02:45,2020,9,9.355,6.892,2.547,12.446,3.739,5.486000000000001,4.649,6.792000000000001
2020-09-08 14:48:05,2020,9,6.6530000000000005,4.337,2.2590000000000003,14.833999999999998,3.859,2.8680000000000003,2.312,3.923
2020-09-05 23:09:28,2020,9,4.66,1.539,1.742,6.919,1.196,3.907,0.0,3.477
2020-09-01 09:46:38,2020,9,7.045999999999999,8.758,6.774,8.408,6.103,11.095,3.6580000000000004,12.726
2020-08-31 18:24:41,2020,8,13.024999999999999,10.788999999999998,9.314,35.318999999999996,13.321,10.099000000000002,5.6659999999999995,10.883
2020-08-30 21:15:38,2020,8,18.795,18.966,15.214000000000002,27.573,7.459,14.612999999999998,12.334999999999999,17.051
2020-08-30 17:31:41,2020,8,23.157000000000004,32.77100000000001,10.938,40.36000000000001,30.400000000000006,23.523,14.028000000000002,40.353
2020-08-28 19:37:14,2020,8,17.59,16.418,7.282,29.613999999999994,11.306000000000001,9.719,5.000000000000001,13.397999999999998
2020-08-27 19:10:09,2020,8,5.9670000000000005,2.625,2.593,13.350999999999999,2.645,5.837999999999999,0.172,5.365
2020-08-22 10:56:37,2020,8,5.061999999999999,4.22,0.407,2.326,3.154,3.983,2.2750000000000004,3.4619999999999997
2020-08-20 15:32:19,2020,8,15.801,12.268,11.687,29.893000000000004,8.422999999999998,14.416999999999996,4.890000000000001,18.421999999999997
2020-08-16 13:04:15,2020,8,8.577000000000002,11.336,6.111,16.575999999999997,7.8340000000000005,7.146999999999999,4.171,13.975
2020-08-15 01:11:32,2020,8,4.5249999999999995,7.0089999999999995,1.985,7.500000000000001,5.318,2.122,1.6409999999999998,8.274000000000001
2020-08-11 10:39:21,2020,8,15.543000000000001,12.081999999999999,9.209000000000001,29.454000000000008,5.675000000000001,14.541000000000002,5.265,10.937999999999999
2020-08-09 12:55:14,2020,8,1.706,0.0,0.18,4.843999999999999,0.633,0.25,0.391,1.953
2020-08-05 22:55:47,2020,8,7.938999999999999,6.552,2.056,12.76,5.699999999999999,3.2879999999999994,3.0789999999999997,5.4399999999999995
2020-08-03 18:25:40,2020,8,11.288000000000002,2.7070000000000003,3.736,20.793000000000006,2.6580000000000004,8.555,4.478,4.343
2020-08-03 07:36:12,2020,8,1.4729999999999999,3.533,1.1019999999999999,8.694,2.569,1.637,1.795,4.784
2020-08-02 22:25:13,2020,8,10.866000000000001,9.847999999999997,4.054,19.585000000000004,4.243,9.099000000000002,2.1159999999999997,12.649999999999999
2020-08-02 07:50:57,2020,8,2.054,0.918,0.929,4.3580000000000005,0.8859999999999999,1.756,0.704,5.633000000000001
2020-07-26 17:20:15,2020,7,3.454,3.126,1.798,6.699000000000001,4.0840000000000005,1.3599999999999999,1.234,3.091
2020-07-24 09:05:06,2020,7,6.645,2.7510000000000003,1.719,9.258000000000001,1.287,3.6069999999999998,0.797,6.138
2020-07-18 15:08:47,2020,7,7.104,5.848,3.821,11.99,6.881000000000001,4.377999999999999,2.993,4.917
2020-07-16 00:55:57,2020,7,6.178,6.789000000000001,5.225,6.278,4.898000000000001,5.577999999999999,3.078,8.859
2020-07-15 15:35:17,2020,7,19.414000000000005,24.485,24.758000000000003,46.063,23.955000000000002,33.42999999999999,12.079,46.257000000000005
2020-07-14 15:33:21,2020,7,7.779999999999999,15.759,7.002,15.092999999999998,13.039,6.973999999999999,5.359999999999999,19.313000000000002
2020-07-11 15:16:56,2020,7,3.964,0.0,1.1480000000000001,5.513,1.338,0.897,0.312,1.727
2020-07-08 04:33:01,2020,7,3.222,2.722,1.2169999999999999,6.992,3.2129999999999996,2.039,0.727,5.335
2020-07-07 20:47:51,2020,7,21.086,17.174999999999997,16.065,43.71300000000001,16.007,19.341,7.334000000000001,24.622000000000003
2020-07-06 12:21:37,2020,7,12.92,8.535,3.501,17.444,9.25,6.924999999999999,2.641,11.985
2020-07-01 02:18:34,2020,7,9.297,9.793,3.905,13.719000000000001,7.754,7.981,4.274,4.554
2020-06-30 23:17:40,2020,6,8.982999999999999,3.092,3.406,20.796,2.1910000000000003,6.549,1.351,7.380000000000001
2020-06-28 07:52:39,2020,6,11.385,9.822,4.0040000000000004,20.819,7.114000000000001,10.835,6.087,19.871000000000002
2020-06-24 21:41:52,2020,6,14.548,15.209000000000001,11.222999999999999,26.504999999999995,13.894,16.492,2.906,23.789
2020-06-23 20:17:30,2020,6,6.337,7.869,3.5940000000000003,14.014000000000001,4.734,5.202999999999999,2.806,7.679
2020-06-23 13:00:30,2020,6,7.819000000000001,11.245000000000001,1.8050000000000002,16.424,5.253,3.904,2.415,9.58
2020-06-21 19:09:34,2020,6,11.347999999999999,7.76,6.814000000000001,19.516,4.745,9.29,3.6399999999999997,8.648999999999997
2020-06-15 08:55:13,2020,6,11.906000000000002,9.755999999999998,12.511999999999999,25.800000000000004,9.49,15.360000000000001,3.663,26.255
2020-06-08 21:49:07,2020,6,2.886,6.357,2.064,8.825,2.7580000000000005,1.205,1.859,7.284000000000001
2020-06-08 00:41:40,2020,6,20.181,8.274000000000001,8.837,27.079000000000008,5.588000000000001,7.694000000000001,1.9289999999999998,17.232999999999997
2020-06-05 09:10:53,2020,6,3.131,4.119,0.883,8.405000000000001,3.9050000000000002,2.282,1.6879999999999997,1.6320000000000001
2020-06-03 19:38:59,2020,6,9.842,12.834,6.968,27.010999999999996,7.643999999999999,18.077,4.412999999999999,13.957
2020-05-30 17:10:34,2020,5,6.566000000000001,5.478,1.2890000000000001,11.494,4.390000000000001,0.7090000000000001,4.284,5.728
2020-05-29 10:09:01,2020,5,7.341,4.7669999999999995,3.868,16.647,4.381,6.109000000000001,4.038,9.135
2020-05-28 15:22:42,2020,5,7.856,2.759,3.5999999999999996,11.528,2.928,5.405,1.046,4.5600000000000005
2020-05-25 06:19:40,2020,5,10.048000000000002,6.952000000000001,7.755999999999999,17.914,7.636000000000001,8.686,1.665,10.279
2020-05-22 15:42:21,2020,5,10.875000000000002,7.288,5.923000000000001,24.017,7.724999999999999,10.396999999999998,1.876,9.975000000000001
2020-05-22 07:18:55,2020,5,25.561,31.362,18.420999999999996,44.413,28.584999999999997,34.37899999999999,5.797,49.488
2020-05-19 22:24:18,2020,5,5.329,4.251,2.312,11.645,2.299,3.566,1.266,6.345
2020-05-19 04:56:11,2020,5,0.148,3.9389999999999996,0.8280000000000001,3.6450000000000005,4.177,1.117,1.0939999999999999,4.827
2020-05-14 03:06:40,2020,5,6.087000000000001,3.8770000000000002,1.8599999999999999,12.578000000000001,3.9070000000000005,4.195,2.6639999999999997,10.312000000000001
2020-05-13 22:55:58,2020,5,9.871,6.599,8.788,22.621000000000002,3.024,16.793999999999997,1.9689999999999999,10.475999999999999
2020-05-12 22:51:08,2020,5,3.118,0.0,1.5230000000000001,7.398000000000001,1.913,2.5709999999999997,0.0,1.21
2020-05-10 11:57:37,2020,5,4.401999999999998,5.703,1.8370000000000002,14.317999999999998,4.444,6.664000000000001,1.0619999999999998,9.964
2020-05-10 10:29:09,2020,5,37.6,37.84500000000001,22.300999999999995,63.87200000000002,34.47299999999999,35.619,13.672,56.01199999999999
2020-05-01 00:04:50,2020,5,23.216,42.775999999999996,14.848,53.97600000000001,41.914,28.252,20.528,41.22100000000001
2020-04-30 10:25:22,2020,4,15.892000000000001,19.983000000000004,8.306000000000001,29.419999999999995,14.678000000000003,13.638999999999998,7.188,21.9
2020-04-29 11:48:53,2020,4,10.709999999999997,9.087,3.931,24.485999999999997,4.031,9.18,3.9919999999999995,12.506999999999998
2020-04-28 17:50:06,2020,4,10.157,10.559,2.493,19.066,6.7860000000000005,10.511999999999999,4.322,4.313000000000001
2020-04-26 03:13:43,2020,4,3.799,2.015,1.515,8.125,2.3360000000000003,3.464,0.172,4.406000000000001
2020-04-25 03:30:16,2020,4,11.876,7.352000000000001,4.569,21.360999999999997,5.7829999999999995,5.045999999999999,4.351000000000001,14.143999999999998
2020-04-24 05:44:39,2020,4,3.137,1.1800000000000002,0.516,6.433,2.168,0.929,2.117,0.469
2020-04-21 06:32:49,2020,4,2.617,1.22,2.108,5.927,1.203,2.012,1.234,2.3979999999999997
2020-04-19 21:07:50,2020,4,4.5520000000000005,3.416,0.656,5.624999999999999,6.290000000000001,1.4600000000000002,1.461,5.824
2020-04-18 16:56:00,2020,4,19.197,30.479,12.812000000000001,36.382000000000005,23.358,21.573000000000008,11.758000000000001,27.709000000000003
2020-04-15 00:44:56,2020,4,8.242999999999999,8.501000000000001,3.6420000000000003,20.819000000000003,5.496,16.142000000000003,7.273,13.885000000000002
2020-04-08 15:50:54,2020,4,4.023000000000001,4.783,4.711,11.254000000000001,3.8340000000000005,4.567,1.47,9.05
2020-04-01 16:28:06,2020,4,15.831000000000001,9.408,6.369,24.971999999999994,6.464000000000001,8.781,6.305,18.508
2020-04-01 02:31:22,2020,4,3.411,5.239,1.109,7.718,4.813,2.627,0.32,2.4379999999999997
2020-03-19 09:02:27,2020,3,4.361000000000001,2.157,0.492,8.64,1.804,0.973,0.61,5.078
2020-03-18 11:55:32,2020,3,1.545,1.1800000000000002,0.0,3.357,1.9170000000000003,0.6,0.344,2.188
2020-03-18 05:42:07,2020,3,14.771,11.692,7.821000000000001,22.937,11.369000000000002,8.017,5.944,21.263
2020-03-17 20:08:18,2020,3,1.706,3.946,0.0,4.0360000000000005,1.264,0.0,0.97,3.18
2020-03-12 11:26:44,2020,3,5.288,6.024,1.936,10.486,2.7430000000000003,2.591,0.992,3.8899999999999997
2020-03-11 15:09:02,2020,3,9.524,6.7749999999999995,3.9539999999999997,12.981,4.832000000000001,2.6450000000000005,2.2199999999999998,6.327999999999999
2020-03-10 14:39:24,2020,3,5.201999999999999,8.243,2.3150000000000004,13.012,10.860999999999999,8.053,2.4530000000000003,8.664
2020-03-08 22:08:38,2020,3,14.392999999999999,5.188000000000001,4.094,20.641,5.297000000000001,11.591,0.836,13.204
2020-03-03 19:06:14,2020,3,2.7420000000000004,3.063,2.305,7.9990000000000006,2.092,4.1259999999999994,0.516,3.3280000000000003
2020-03-02 23:44:40,2020,3,13.165000000000003,10.312,4.468,18.499000000000002,7.935,9.171,2.8209999999999997,15.069999999999999
2020-03-02 00:11:13,2020,3,10.786999999999999,4.563000000000001,2.8380000000000005,22.477000000000004,5.353,5.220000000000001,3.702,9.07
2020-03-01 19:05:22,2020,3,8.465,8.027000000000001,3.086,7.295,5.095000000000001,3.622,3.4689999999999994,6.491000000000001
2020-03-01 15:13:05,2020,3,2.873,2.845,0.9530000000000001,5.048,1.296,0.7969999999999999,0.9219999999999999,2.179
2020-03-01 13:58:23,2020,3,5.1770000000000005,4.805,2.04,9.094,3.125,3.3930000000000002,2.4619999999999997,7.062
2020-02-28 19:10:50,2020,2,5.323999999999999,4.093,0.891,9.767000000000001,0.9950000000000001,3.074,1.218,3.2560000000000002
2020-02-20 22:51:18,2020,2,3.6670000000000003,5.180000000000001,2.1180000000000003,8.904000000000002,4.352,4.453,1.977,6.531999999999999
2020-02-20 16:27:04,2020,2,16.552,18.583000000000006,6.251,34.866,10.421,12.08,4.587,24.374
2020-02-17 17:55:05,2020,2,16.752000000000002,6.07,7.710000000000001,25.11,4.8100000000000005,10.877000000000002,6.218999999999999,6.594
2020-02-14 10:38:16,2020,2,6.987,4.696,4.908,12.943999999999999,2.6050000000000004,7.103,1.984,8.037
2020-02-13 00:03:47,2020,2,6.636,12.151,2.109,12.981,6.421,3.437,3.7049999999999996,10.171000000000001
2020-02-12 21:01:33,2020,2,11.348,10.36,5.843000000000001,21.811999999999998,6.772,8.09,3.133,9.992
2020-02-11 06:57:00,2020,2,2.045,1.6949999999999998,0.9309999999999998,6.762,1.5189999999999997,0.999,0.32,3.233
2020-02-10 16:56:42,2020,2,6.395,3.708,2.141,13.604999999999999,3.205,11.559,0.681,6.641
2020-02-09 19:22:24,2020,2,6.844,2.0229999999999997,1.6560000000000001,14.225999999999999,5.457,4.084,2.696,3.304
2020-02-09 16:37:23,2020,2,18.518,13.106,5.181000000000001,32.46999999999999,9.647,9.711999999999998,8.329,12.389
2020-02-03 21:29:50,2020,2,13.315,7.559,5.791,22.428000000000004,4.79,13.147000000000002,1.054,12.149999999999999
2020-02-03 05:43:43,2020,2,5.448,4.868,0.774,9.696000000000002,2.4050000000000002,1.8819999999999997,1.109,8.736
2020-02-01 17:30:10,2020,2,4.7860000000000005,2.696,2.032,9.862,2.976,5.7940000000000005,0.516,7.037999999999999
2020-01-31 21:37:21,2020,1,29.439000000000007,41.63100000000001,33.593,50.92800000000002,36.71500000000001,32.288,12.905000000000001,54.297999999999995
2020-01-31 13:44:10,2020,1,0.653,2.72,0.32099999999999995,3.9330000000000003,1.661,0.608,0.5389999999999999,1.479
2020-01-31 10:21:52,2020,1,14.174,21.217000000000002,8.117,17.935999999999996,14.025000000000004,10.639000000000001,5.507999999999999,29.930999999999994
2020-01-26 21:30:13,2020,1,4.956,17.837999999999997,3.5680000000000005,12.964,10.379999999999999,14.405,4.025,13.460999999999999
2020-01-26 10:10:46,2020,1,38.97800000000001,39.44300000000001,23.435999999999993,55.88200000000001,28.677999999999997,28.493000000000006,17.648,46.22299999999999
2020-01-16 03:41:49,2020,1,20.47,12.549,8.281,29.270000000000003,9.612999999999998,7.579999999999999,4.672,24.271000000000004
2020-01-07 05:00:50,2020,1,27.076999999999995,22.328,23.303000000000004,50.694,17.634000000000004,28.692999999999994,11.398,42.97800000000001
2020-01-05 19:06:07,2020,1,13.001,7.776,4.899000000000001,24.338,10.174000000000001,12.102999999999998,4.242000000000001,10.873
2019-12-27 09:02:25,2019,12,1.751,4.391,2.771,9.35,2.407,3.9619999999999997,2.9299999999999997,5.523000000000001
2019-12-26 10:45:32,2019,12,6.68,9.221,1.8439999999999999,16.613,4.4079999999999995,4.615,3.079,6.635
2019-12-22 23:35:38,2019,12,7.753000000000001,11.604,4.172,12.725,3.091,4.876999999999999,4.687,5.146
2019-12-20 21:55:47,2019,12,3.6930000000000005,6.475,2.2969999999999997,7.717,3.2490000000000006,3.7479999999999993,2.789,7.804000000000001
2019-12-19 01:44:08,2019,12,9.583,4.439000000000001,3.2889999999999997,16.56,3.312,7.002,1.2730000000000001,6.023
2019-12-11 19:11:46,2019,12,9.604000000000001,6.6339999999999995,4.906,16.379,8.301,5.816,3.289,7.975999999999999
2019-12-10 00:27:36,2019,12,5.183,3.523,1.508,10.236,1.734,2.346,0.172,0.757
2019-12-02 20:11:47,2019,12,28.4,25.823000000000004,8.538,49.124,15.664000000000001,14.415999999999999,6.407,26.488000000000007
2019-11-30 22:35:00,2019,11,11.006,4.28,4.085999999999999,18.347,2.398,3.4279999999999995,0.718,6.372
2019-11-30 16:03:32,2019,11,10.008,9.448,3.8050000000000006,16.825999999999997,6.866,7.505999999999999,2.983,7.603
2019-11-28 18:18:13,2019,11,4.603,2.009,3.4459999999999997,9.724999999999998,2.9770000000000003,5.008,1.3679999999999999,1.875
2019-11-24 11:30:52,2019,11,1.005,1.4689999999999999,0.0,5.015000000000001,0.0,0.0,0.32,2.679
2019-11-23 15:36:54,2019,11,30.16699999999999,36.055,14.405000000000001,59.957000000000015,30.957,22.128,9.795,34.795
2019-11-21 18:18:42,2019,11,19.328,10.974,11.828000000000003,28.181,10.889,15.886999999999999,4.8180000000000005,16.085
2019-11-20 15:12:14,2019,11,6.565,2.3360000000000003,1.626,9.424000000000001,4.305000000000001,5.911000000000001,1.867,7.321
2019-11-19 21:17:59,2019,11,14.004,15.189,4.212,31.525,7.753,11.569999999999999,3.2420000000000004,11.807000000000002
2019-11-10 22:58:54,2019,11,9.02,13.223000000000003,6.445,14.27,9.079,8.181000000000001,3.6649999999999996,9.934000000000001
2019-11-10 16:21:19,2019,11,5.524,3.078,4.109,8.388,1.3559999999999999,6.393000000000001,0.679,5.603000000000001
2019-11-05 20:43:54,2019,11,3.681,2.9459999999999997,2.1470000000000002,6.827999999999999,2.742,2.17,2.617,5.054
2019-11-05 20:21:52,2019,11,2.894,0.789,0.704,3.2119999999999997,0.061,0.078,2.25,0.0
2019-11-05 08:15:56,2019,11,2.544,7.9609999999999985,1.109,7.523,3.442,3.4989999999999997,2.821,9.797
2019-10-30 08:45:54,2019,10,6.313999999999999,5.947,1.219,9.37,3.412,0.312,2.625,2.726
2019-10-29 01:20:51,2019,10,11.391,5.532,5.266,23.052999999999997,4.1209999999999996,12.711,1.211,9.436
2019-10-24 04:55:26,2019,10,6.351,6.682,2.674,13.494000000000003,9.489,3.831,3.156,11.539
2019-10-20 23:53:45,2019,10,8.715,9.745000000000001,3.8059999999999996,15.586000000000002,5.401000000000001,6.851999999999999,2.602,8.494
2019-10-14 22:30:54,2019,10,8.45,3.133,1.501,15.967999999999998,1.081,6.762,0.391,1.9300000000000002
2019-10-12 23:09:14,2019,10,8.295,5.931,4.609,16.546,3.5730000000000004,7.543,2.608,7.409000000000001
2019-10-12 21:03:22,2019,10,6.474,7.252000000000001,3.523,11.869,7.165,4.475,1.75,13.538999999999998
2019-10-08 10:44:03,2019,10,16.883,16.21,11.216000000000001,26.223000000000003,12.159,13.366999999999997,5.897999999999999,23.095000000000002
2019-10-01 04:31:39,2019,10,27.830000000000002,16.820999999999998,13.312999999999999,56.11,9.936,34.14999999999999,4.335,24.935000000000006
2019-10-01 04:31:39,2019,10,27.830000000000002,16.820999999999998,13.312999999999999,56.11,9.936,34.14999999999999,4.335,24.935000000000006
2019-09-16 22:21:50,2019,9,3.2750000000000004,2.419,2.696,8.295,1.629,2.064,0.961,4.133
2019-09-13 01:00:12,2019,9,9.867000000000003,3.232,2.4059999999999997,13.403000000000002,1.5590000000000002,5.801,1.6480000000000001,8.424
2019-09-04 03:46:41,2019,9,5.2620000000000005,7.532000000000001,2.259,9.619,4.8580000000000005,4.599,2.3909999999999996,5.593
2019-08-29 20:51:04,2019,8,6.429,2.234,0.469,6.547,1.7650000000000001,1.3399999999999999,2.2889999999999997,3.466
2019-08-25 17:12:04,2019,8,4.127,6.3260000000000005,0.328,4.844,2.807,2.6550000000000002,1.9849999999999999,5.156
2019-08-24 21:10:23,2019,8,18.753,10.399999999999999,10.462,26.03,3.5420000000000003,13.411999999999999,4.547000000000001,13.04
2019-08-18 07:21:07,2019,8,6.110000000000001,5.309,2.797,11.725999999999999,4.061000000000001,5.922000000000001,2.359,2.597
2019-08-13 01:08:12,2019,8,1.186,0.516,0.492,3.903,0.688,2.344,0.0,1.9600000000000002
2019-08-08 19:30:12,2019,8,14.743,19.966,6.203,21.679000000000002,17.647000000000006,8.273,8.315,22.308999999999997
2019-08-06 15:55:45,2019,8,1.025,1.157,0.0,4.258,0.688,0.0,0.0,0.273
2019-07-31 18:37:04,2019,7,11.55,7.093,7.117,23.951999999999998,4.102,14.405,0.664,7.7410000000000005
2019-07-31 03:35:07,2019,7,7.997,2.771,5.616,15.104999999999999,1.677,5.299,1.7970000000000002,4.977
2019-07-29 04:05:16,2019,7,10.623,7.222,4.21,15.697999999999999,4.539999999999999,5.231,0.454,4.032
2019-07-25 01:31:07,2019,7,2.4459999999999997,1.616,0.578,4.829999999999999,0.375,3.567,0.782,3.5780000000000003
2019-07-24 12:02:14,2019,7,2.199,0.391,2.008,6.343999999999999,3.946,2.928,0.954,5.483999999999999
2019-07-21 02:44:42,2019,7,1.4469999999999998,0.0,1.7650000000000001,3.469,0.625,0.375,0.758,0.0
2019-07-19 17:54:24,2019,7,10.221000000000002,10.959000000000001,3.0229999999999997,15.721000000000002,6.046000000000001,15.114,1.8290000000000002,11.579999999999998
2019-07-16 13:47:34,2019,7,1.1429999999999998,0.735,0.656,3.565,1.5310000000000001,1.928,0.61,2.0469999999999997
2019-07-13 05:03:26,2019,7,26.205000000000005,33.377,21.918000000000003,39.22800000000001,31.855,20.057000000000002,9.491999999999999,39.72
2019-07-11 12:49:21,2019,7,19.667,19.183,6.633,33.559000000000005,15.100999999999997,15.076000000000002,3.4379999999999997,25.486
2019-07-10 19:19:38,2019,7,14.475000000000001,9.83,1.8659999999999999,22.531000000000002,5.651999999999999,5.0280000000000005,3.8209999999999997,8.447
2019-06-26 10:06:46,2019,6,4.101,2.859,1.297,8.669,1.063,2.751,0.64,3.0869999999999997
2019-06-26 02:14:35,2019,6,9.844,13.647,3.9530000000000003,17.037,9.205,5.422999999999999,4.126,12.214
2019-06-24 17:18:12,2019,6,3.958,0.469,0.914,8.22,1.212,0.884,1.843,1.656
2019-06-16 23:35:36,2019,6,7.504,9.431,1.7570000000000001,9.43,5.716,3.35,3.4539999999999997,8.5
2019-06-14 01:59:39,2019,6,2.639,2.819,0.46199999999999997,6.284,0.609,2.4059999999999997,0.32,3.3049999999999997
2019-06-13 18:49:09,2019,6,6.429,3.512,1.641,12.376999999999999,1.683,3.726,0.0,5.852000000000001
2019-06-13 15:52:39,2019,6,3.7540000000000004,12.309,4.0009999999999994,8.09,8.491999999999999,4.367999999999999,4.266,13.757
2019-06-12 15:34:36,2019,6,2.429,3.0700000000000003,0.774,6.897,2.883,0.835,1.1320000000000001,2.987
2019-06-02 16:30:21,2019,6,16.186,11.899,5.867000000000001,31.020000000000003,7.885,8.216000000000001,8.103,20.115
2019-05-31 09:00:41,2019,5,9.468999999999998,0.875,5.912000000000001,11.75,2.047,7.069999999999999,0.0,7.045
2019-05-22 05:01:52,2019,5,13.873,9.617999999999999,4.593999999999999,18.982999999999997,7.169,9.852,2.641,13.369
2019-05-16 23:28:56,2019,5,7.273,5.491,5.609999999999999,14.209,9.549,4.114,1.5630000000000002,7.641
2019-05-15 18:39:22,2019,5,2.559,0.641,0.0,5.292,0.0,2.552,0.0,2.125
2019-05-14 20:30:59,2019,5,6.806,1.321,4.0360000000000005,10.882000000000001,7.023,2.444,2.46,8.491999999999999
2019-05-14 02:24:37,2019,5,1.353,1.8519999999999999,0.18,6.3740000000000006,0.594,0.0,0.0,1.53
2019-05-13 03:43:10,2019,5,9.836000000000002,7.72,3.639,14.004999999999999,5.930999999999999,5.545,5.522,11.654
2019-05-08 12:03:42,2019,5,4.202,5.04,0.46199999999999997,6.9590000000000005,2.858,0.172,2.7499999999999996,6.275
2019-05-07 00:13:36,2019,5,9.631000000000002,12.736999999999998,4.601999999999999,17.637000000000004,6.5169999999999995,7.073999999999999,5.297,15.693999999999999
2019-05-04 18:45:11,2019,5,9.696,5.375000000000001,6.7200000000000015,14.868999999999998,2.456,12.306000000000001,1.883,6.259
2019-04-26 21:53:13,2019,4,10.841000000000001,4.791,3.602,19.855999999999998,3.024,5.528999999999999,1.367,8.244000000000002
2019-04-24 21:58:52,2019,4,13.328,14.353999999999997,7.453,29.483999999999998,9.370000000000001,13.663999999999998,4.164,15.326000000000004
2019-04-24 15:31:52,2019,4,5.439,5.744000000000001,1.4929999999999999,12.765,2.545,3.9679999999999995,2.992,4.412000000000001
2019-04-22 03:59:44,2019,4,16.844,15.023,11.536,33.751999999999995,10.398,21.033,11.093000000000002,27.906
2019-04-21 10:07:47,2019,4,4.441,1.375,1.616,6.126,1.5630000000000002,3.538,1.046,2.929
2019-04-11 19:11:08,2019,4,10.511,5.355,5.016,21.102999999999998,6.692,10.44,2.8739999999999997,7.695
2019-04-11 02:41:42,2019,4,8.986,7.596,4.273,10.356000000000002,2.218,3.7399999999999998,0.735,4.234
2019-04-09 01:12:46,2019,4,15.785,24.363999999999994,7.748999999999999,27.680999999999997,19.272999999999993,10.355,8.876,27.186000000000003
2019-04-06 21:17:18,2019,4,3.81,2.556,2.149,6.265000000000001,5.0600000000000005,2.056,1.977,2.89
2019-04-06 11:27:16,2019,4,12.520999999999997,17.455000000000002,5.797,19.002,14.783999999999999,14.087000000000002,4.336,24.006
2019-03-26 18:46:06,2019,3,5.532000000000001,7.226,2.259,11.918000000000001,2.2720000000000002,6.37,3.437,7.4239999999999995
2019-03-21 03:32:02,2019,3,14.485999999999999,11.406999999999998,7.228,22.226,8.328,11.358999999999998,3.3579999999999997,10.791
2019-03-21 03:24:12,2019,3,2.2620000000000005,7.604,0.516,6.133000000000001,4.417,1.924,4.1499999999999995,1.657
2019-03-16 03:42:51,2019,3,13.938000000000002,8.356,10.218,28.799,9.265,11.463000000000003,3.2190000000000003,11.617
2019-03-12 15:52:21,2019,3,12.755999999999998,12.268,4.696,22.981999999999992,7.683,12.433,5.899000000000001,14.067
2019-03-12 13:50:55,2019,3,19.017000000000007,26.362,14.554000000000006,47.175000000000004,20.202999999999996,21.499000000000002,10.552000000000001,39.714
2019-03-11 12:51:01,2019,3,5.393,2.6090000000000004,0.797,8.921000000000001,2.066,1.9370000000000003,0.539,3.78
2019-03-05 01:01:54,2019,3,5.085,3.734,2.18,9.485999999999999,3.7559999999999993,2.509,1.96,6.854
2019-02-21 05:55:14,2019,2,5.537,0.411,1.305,8.246,1.401,1.306,0.789,2.9459999999999997
2019-02-17 00:24:27,2019,2,4.640999999999999,5.165,2.19,12.728,3.1139999999999994,4.7059999999999995,2.272,4.676
2019-02-16 05:20:27,2019,2,3.3000000000000003,1.383,1.3519999999999999,5.689,0.688,0.889,0.32,0.0
2019-02-15 21:39:08,2019,2,31.441000000000006,32.261,20.92,40.08300000000001,22.484,24.155000000000005,9.837,44.321999999999996
2019-02-10 01:53:31,2019,2,2.749,5.852,2.157,5.45,3.668,1.016,1.3119999999999998,2.861
2019-02-08 12:40:49,2019,2,6.937,12.363,3.2439999999999998,12.040000000000003,7.058000000000001,3.2649999999999997,3.2829999999999995,7.714999999999999
2019-02-02 14:19:42,2019,2,6.116,2.1879999999999997,3.735,13.281,4.176,8.737,1.6720000000000002,5.186
2019-01-29 03:03:48,2019,1,5.598000000000001,6.4879999999999995,5.007,14.699000000000002,4.776,6.602,1.657,8.678999999999998
2019-01-26 21:42:09,2019,1,41.89399999999999,24.08,22.790999999999997,76.48799999999997,17.744000000000003,31.410999999999998,8.451999999999998,39.675
2019-01-25 02:22:14,2019,1,6.293000000000001,7.408,0.42299999999999993,11.031,3.556,1.6460000000000001,3.146,7.952000000000001
2019-01-17 15:21:38,2019,1,2.426,2.051,3.405,10.452,1.412,6.169,1.001,11.639000000000001
2019-01-17 00:43:45,2019,1,12.815,5.540000000000001,4.047000000000001,16.503,10.645000000000001,5.904,4.913,10.274
2019-01-13 21:13:34,2019,1,4.772,2.856,1.3439999999999999,10.56,3.156,2.7990000000000004,1.407,8.477
2019-01-03 23:54:29,2019,1,12.749000000000002,11.509,6.406,19.776,9.296000000000001,9.703,3.586,16.074
2018-12-29 19:15:47,2018,12,8.919999999999998,9.835,4.689,12.655000000000001,8.54,5.2219999999999995,2.577,13.495999999999999
2018-12-29 17:11:05,2018,12,15.398,18.573000000000004,7.618,28.673000000000002,13.083999999999998,11.473,11.137999999999998,25.94800000000001
2018-12-27 21:16:37,2018,12,9.171,5.3870000000000005,3.5390000000000006,18.724999999999998,4.798,3.9379999999999997,0.9690000000000001,15.061
2018-12-16 19:17:00,2018,12,15.134000000000002,17.167000000000005,4.047000000000001,21.439,16.901000000000003,6.118,4.305,16.511000000000003
2018-12-16 11:17:50,2018,12,7.102999999999998,3.673,4.921,11.202,2.189,4.378,0.617,8.084
2018-12-07 00:01:45,2018,12,11.192000000000002,11.747,3.696,24.025000000000002,8.804,5.385,5.087,7.981
2018-12-04 14:23:59,2018,12,5.2860000000000005,3.684,4.734,8.111,2.8110000000000004,3.6729999999999996,2.118,4.0
2018-12-03 04:04:04,2018,12,17.581000000000003,28.026000000000003,13.925999999999997,35.336,23.858,14.653999999999998,8.016,34.361000000000004
2018-12-02 22:42:33,2018,12,5.228,3.3040000000000003,5.39,10.636999999999999,0.769,1.9220000000000002,1.922,3.053
2018-12-01 17:29:00,2018,12,8.019000000000002,9.969999999999999,4.306,17.811999999999998,5.031,8.921000000000001,3.5620000000000003,11.351999999999999
2018-11-16 23:11:42,2018,11,7.904000000000001,2.749,1.805,13.073,0.376,5.334,0.64,5.851
2018-11-12 14:05:06,2018,11,11.392,11.526,6.9079999999999995,20.785999999999994,9.141,12.62,5.416,11.392
2018-11-05 19:39:17,2018,11,9.726,3.509,2.359,17.83,0.288,1.938,1.594,3.139
2018-11-05 18:51:55,2018,11,10.455,13.554999999999998,6.141,16.991,19.603999999999996,5.658,2.726,15.655
2018-10-30 06:50:36,2018,10,6.583,5.539000000000001,1.4380000000000002,9.17,1.199,3.665,2.7739999999999996,3.367
2018-10-25 20:58:41,2018,10,20.549999999999997,20.817999999999998,13.670999999999998,41.258,18.677999999999997,17.090999999999998,7.422,30.015
2018-10-24 16:58:35,2018,10,8.042000000000002,4.005,5.907,10.596,4.896,8.686,2.453,6.672
2018-10-23 02:08:55,2018,10,7.013999999999999,12.288,6.234,17.548,8.603,10.152999999999999,2.9379999999999997,17.834
2018-10-20 05:28:37,2018,10,4.245,0.812,0.625,7.275,0.515,1.777,0.0,0.469
2018-10-17 02:31:34,2018,10,7.956,6.818,3.6949999999999994,13.677999999999999,6.21,6.481000000000001,1.8980000000000001,9.555000000000001
2018-10-02 15:16:01,2018,10,8.669999999999998,10.605999999999998,3.3910000000000005,18.464999999999996,10.421,8.381,2.4999999999999996,15.221
2018-10-01 23:31:51,2018,10,18.288,35.41900000000001,8.743,32.54400000000001,21.847999999999995,14.991000000000003,11.811000000000002,39.84399999999999
2018-09-22 11:33:30,2018,9,8.644,6.67,4.493,9.200000000000001,4.2410000000000005,4.875,3.7569999999999997,6.397
2018-09-21 00:26:00,2018,9,4.234,2.614,1.219,8.637000000000002,0.87,1.782,1.835,2.086
2018-09-18 00:48:53,2018,9,6.099,6.1049999999999995,3.5540000000000003,11.833,3.7230000000000003,3.693,3.11,8.876999999999999
2018-09-08 23:23:17,2018,9,6.754,4.312,1.705,12.29,1.88,3.35,1.077,4.9990000000000006
2018-09-06 22:48:55,2018,9,24.399,38.693,13.921000000000001,52.60499999999999,12.772,17.206000000000003,8.51,39.363
2018-09-06 20:10:53,2018,9,4.492,2.4230000000000005,3.617,8.584000000000001,4.773000000000001,5.2540000000000004,1.546,8.43
2018-08-24 01:04:27,2018,8,2.088,0.516,1.4529999999999998,6.356,2.235,6.086,0.0,2.139
2018-08-13 01:05:24,2018,8,29.943999999999996,10.885,6.14,49.187000000000005,11.703999999999999,16.286999999999995,6.5489999999999995,15.727000000000002
2018-08-10 01:18:26,2018,8,2.052,8.424,0.18,5.470000000000001,3.8420000000000005,0.547,3.892,3.891
2018-07-31 18:38:09,2018,7,5.555000000000001,4.789,1.446,10.839,4.099,6.930000000000001,1.032,5.4590000000000005
2018-07-16 16:29:23,2018,7,4.39,3.556,3.7880000000000003,7.695,4.368,2.2470000000000003,1.196,8.235000000000001
2018-07-01 00:14:11,2018,7,6.6819999999999995,4.618,1.477,9.498,3.466,2.0860000000000003,1.8679999999999999,3.289
2018-06-29 04:10:06,2018,6,6.341,6.439,0.7110000000000001,12.600000000000001,2.1550000000000002,2.4090000000000003,5.353000000000001,5.968
2018-06-28 19:04:30,2018,6,6.485,5.923,3.124,16.54,2.279,2.4539999999999997,3.094,12.195
2018-06-26 07:22:38,2018,6,3.476,1.306,1.4140000000000001,6.009,0.935,2.925,0.312,0.9299999999999999
2018-06-15 22:19:28,2018,6,4.5,1.406,0.9460000000000001,9.986,4.595000000000001,3.002,1.929,4.038
2018-05-29 08:32:17,2018,5,9.497,2.009,3.127,16.747999999999998,0.6619999999999999,2.966,2.422,8.406
2018-05-24 00:40:52,2018,5,6.15,3.804,0.0,10.611,7.111000000000001,3.311,0.812,6.492000000000001
2018-05-07 05:03:27,2018,5,5.649000000000001,5.4689999999999985,1.008,9.295,2.686,1.261,2.2039999999999997,7.602
2018-04-24 05:04:07,2018,4,4.624,1.672,1.6800000000000002,7.157,1.1560000000000001,0.7,1.5859999999999999,0.9219999999999999
2018-04-22 03:59:48,2018,4,8.42,7.75,0.9859999999999999,14.334999999999999,5.5520000000000005,5.756,2.21,15.751999999999999
2018-04-10 15:29:33,2018,4,3.205,2.048,2.266,8.855,1.79,4.457000000000001,0.7579999999999999,5.119000000000001
2018-03-19 22:14:06,2018,3,9.584,4.221,7.505,16.551,5.9559999999999995,9.899999999999999,2.374,6.196000000000001
2018-03-19 14:21:38,2018,3,5.090999999999999,6.322,4.687,10.387,6.368,4.66,2.726,10.851
2018-03-12 00:10:16,2018,3,14.543000000000003,19.464,11.428999999999997,28.076000000000008,25.133,18.124000000000002,5.337000000000001,43.852999999999994
