numTokens,numLexTokens,avgLexVal,avgLexAro,date,year,month
181,82,0.7496232594461733,0.7571459708991549,2022-02-28 13:00:18,2022,5
181,82,0.7496232594461733,0.7571459708991549,2022-02-21 13:00:15,2022,5
181,82,0.7496232594461733,0.7571459708991549,2022-02-14 13:00:12,2022,5
181,82,0.7496232594461733,0.7571459708991549,2022-02-07 13:00:14,2022,5
181,82,0.7496232594461733,0.7571459708991549,2022-01-31 13:00:15,2022,5
181,82,0.7496232594461733,0.7571459708991549,2022-01-24 13:00:14,2022,5
181,82,0.7496232594461733,0.7571459708991549,2022-01-17 13:00:13,2022,5
181,82,0.7496232594461733,0.7571459708991549,2022-01-10 13:00:21,2022,5
181,82,0.7496232594461733,0.7571459708991549,2022-01-03 13:00:21,2022,5
181,83,0.7539994574850464,0.7621141363143129,2021-12-27 13:00:10,2022,5
181,83,0.7539994574850464,0.7621141363143129,2021-12-20 13:00:14,2022,5
181,83,0.7539994574850464,0.7621141363143129,2021-12-13 13:00:12,2022,5
181,83,0.7539994574850464,0.7621141363143129,2021-12-06 13:00:18,2022,5
181,83,0.7500889368883992,0.7571836920028907,2021-11-29 13:00:12,2022,5
181,83,0.7500889368883992,0.7571836920028907,2021-11-22 13:00:10,2022,5
181,83,0.7500889368883992,0.7571836920028907,2021-11-15 13:00:15,2022,5
181,83,0.7500889368883992,0.7571836920028907,2021-11-08 13:00:16,2022,5
181,83,0.7500889368883992,0.7571836920028907,2021-11-01 12:00:14,2022,5
181,83,0.7500889368883992,0.7571836920028907,2021-10-25 12:00:21,2022,5
181,83,0.7500889368883992,0.7571836920028907,2021-10-18 12:00:10,2022,5
181,83,0.7500889368883992,0.7571836920028907,2021-10-11 12:00:14,2022,5
181,83,0.7500889368883992,0.7571836920028907,2021-10-04 12:00:13,2022,5
181,83,0.7500889368883992,0.7571836920028907,2021-09-27 12:00:21,2022,5
181,83,0.7500889368883992,0.7571836920028907,2021-09-20 12:00:18,2022,5
181,83,0.7500889368883992,0.7571836920028907,2021-09-13 12:00:23,2022,5
181,83,0.7500889368883992,0.7571836920028907,2021-09-06 12:00:14,2022,5
181,83,0.7490833744492612,0.7557749936281987,2021-08-30 12:00:15,2022,5
181,83,0.7490833744492612,0.7557749936281987,2021-08-23 12:00:23,2022,5
181,83,0.7490833744492612,0.7557749936281987,2021-08-16 12:00:15,2022,5
181,83,0.7490833744492612,0.7557749936281987,2021-08-09 12:00:21,2022,5
181,83,0.7490833744492612,0.7557749936281987,2021-08-02 12:00:19,2022,5
181,82,0.7496232594461733,0.7571459708991549,2021-07-26 12:00:16,2022,5
181,82,0.7496232594461733,0.7571459708991549,2021-07-19 12:00:22,2022,5
181,82,0.7496232594461733,0.7571459708991549,2021-07-12 12:00:14,2022,5
181,82,0.7496232594461733,0.7571459708991549,2021-07-05 12:00:17,2022,5
181,82,0.7496232594461733,0.7571459708991549,2021-06-28 12:00:16,2022,5
181,82,0.7496232594461733,0.7571459708991549,2021-06-21 12:00:18,2022,5
181,82,0.7496232594461733,0.7571459708991549,2021-06-14 12:00:19,2022,5
181,82,0.7496232594461733,0.7571459708991549,2021-06-07 12:00:15,2022,5
181,82,0.7496232594461733,0.7571459708991549,2021-05-31 12:00:17,2022,5
181,82,0.7496232594461733,0.7571459708991549,2021-05-24 12:00:13,2022,5
181,82,0.7496232594461733,0.7571459708991549,2021-05-17 12:00:13,2022,5
181,82,0.7496232594461733,0.7571459708991549,2021-05-10 15:33:20,2022,5
181,82,0.7496232594461733,0.7571459708991549,2021-05-03 12:00:22,2022,5
181,82,0.7496232594461733,0.7571459708991549,2021-04-26 12:00:23,2022,5
170,75,0.7745782539649756,0.7908390759377857,2021-04-19 12:00:19,2022,5
170,75,0.7745782539649756,0.7908390759377857,2021-04-05 12:00:15,2022,5
170,76,0.7718299874736171,0.7867446684421643,2021-03-31 12:00:22,2022,5
169,53,0.7174441572015022,0.7512581454827136,2021-03-31 03:33:11,2022,5
379,146,0.7317148569070141,0.7131591768495977,2021-03-30 19:26:52,2022,5
80,39,0.4166775198699436,0.34585005226261,2021-03-30 10:00:12,2022,5
294,105,0.7123536205962464,0.69315668778074,2021-03-29 23:59:22,2022,5
170,76,0.772440087491515,0.7870523578240048,2021-03-29 21:00:21,2022,5
170,76,0.772440087491515,0.7870523578240048,2021-03-15 21:00:11,2022,5
170,76,0.772440087491515,0.7870523578240048,2021-03-08 21:00:15,2022,5
170,75,0.7751964886497789,0.7911508678447174,2021-02-22 21:00:13,2022,5
170,75,0.7751964886497789,0.7911508678447174,2021-02-15 21:00:23,2022,5
170,75,0.7751964886497789,0.7911508678447174,2021-02-08 21:00:22,2022,5
170,75,0.7751964886497789,0.7911508678447174,2021-02-01 21:00:20,2022,5
170,75,0.7751964886497789,0.7911508678447174,2021-01-25 21:00:16,2022,5
170,75,0.7751964886497789,0.7911508678447174,2021-01-18 21:00:18,2022,5
167,75,0.7751964886497789,0.7911508678447174,2021-01-11 21:00:19,2022,5
171,77,0.7793298897611013,0.7949043458268905,2020-12-28 14:02:01,2022,5
171,77,0.7793298897611013,0.7949043458268905,2020-12-21 13:57:02,2022,5
171,77,0.7793298897611013,0.7949043458268905,2020-12-14 13:57:02,2022,5
171,77,0.7793298897611013,0.7949043458268905,2020-12-07 13:57:02,2022,5
171,77,0.7751146532738062,0.7895897110496433,2020-11-30 13:57:08,2022,5
171,77,0.7751146532738062,0.7895897110496433,2020-11-23 13:57:04,2022,5
171,77,0.7751146532738062,0.7895897110496433,2020-11-16 13:57:07,2022,5
171,77,0.7751146532738062,0.7895897110496433,2020-11-09 13:57:05,2022,5
171,77,0.7751146532738062,0.7895897110496433,2020-11-02 13:57:05,2022,5
171,77,0.7751146532738062,0.7895897110496433,2020-10-26 13:57:07,2022,5
171,77,0.7751146532738062,0.7895897110496433,2020-10-19 13:57:10,2022,5
171,77,0.7751146532738062,0.7895897110496433,2020-10-12 13:57:10,2022,5
171,77,0.7751146532738062,0.7895897110496433,2020-10-05 13:57:06,2022,5
171,77,0.7751146532738062,0.7895897110496433,2020-09-21 13:57:05,2022,5
171,77,0.7751146532738062,0.7895897110496433,2020-09-14 13:57:05,2022,5
171,77,0.7751146532738062,0.7895897110496433,2020-09-07 13:57:10,2022,5
171,77,0.7740307353199303,0.7880712439704297,2020-08-31 13:57:06,2022,5
171,77,0.7740307353199303,0.7880712439704297,2020-08-24 13:57:09,2022,5
171,77,0.7740307353199303,0.7880712439704297,2020-08-17 13:57:11,2022,5
171,77,0.7740307353199303,0.7880712439704297,2020-08-10 13:57:10,2022,5
171,76,0.7749414975648968,0.7899754069514909,2020-07-27 13:57:11,2022,5
171,76,0.7749414975648968,0.7899754069514909,2020-07-20 13:57:08,2022,5
171,76,0.7749414975648968,0.7899754069514909,2020-07-06 13:57:09,2022,5
171,76,0.7749414975648968,0.7899754069514909,2020-06-29 13:57:09,2022,5
171,76,0.7749414975648968,0.7899754069514909,2020-06-22 13:57:08,2022,5
171,76,0.7749414975648968,0.7899754069514909,2020-06-15 13:57:08,2022,5
171,76,0.7749414975648968,0.7899754069514909,2020-06-08 13:57:09,2022,5
171,76,0.7749414975648968,0.7899754069514909,2020-06-01 13:57:05,2022,5
171,76,0.7749414975648968,0.7899754069514909,2020-05-18 13:57:10,2022,5
171,76,0.7749414975648968,0.7899754069514909,2020-05-11 13:57:35,2022,5
171,76,0.7749414975648968,0.7899754069514909,2020-05-04 13:57:38,2022,5
171,76,0.7749414975648968,0.7899754069514909,2020-04-27 13:57:30,2022,5
171,76,0.7749414975648968,0.7899754069514909,2020-04-06 13:57:35,2022,5
171,77,0.7722242053968038,0.7859453900595309,2020-03-31 13:53:23,2022,5
11,6,0.8516435423432555,0.8528400448796106,2020-03-31 02:26:32,2022,5
171,77,0.7722242053968038,0.7859453900595309,2020-03-30 13:53:48,2022,5
9,6,0.8045031476270049,0.8109430073856453,2020-03-27 13:15:39,2022,5
171,77,0.7722242053968038,0.7859453900595309,2020-03-25 02:30:14,2022,5
190,82,0.810466599767667,0.8220946966342706,2020-03-10 21:37:33,2022,5
214,71,0.4187601257304922,0.4187733629520643,2020-03-08 13:59:56,2022,5
46,24,0.3290788733217471,0.3323226747286248,2020-03-08 13:55:43,2022,5
53,15,0.6992486925392456,0.7084414179818036,2020-03-08 13:41:28,2022,5
130,47,0.630957261807846,0.6132693893663679,2020-03-08 12:52:48,2022,5
47,14,0.4854184423087254,0.5044640116808646,2020-03-08 12:28:19,2022,5
58,23,1.076435289639619,1.1464339278920566,2020-03-08 12:20:04,2022,5
38,21,0.5663723949268824,0.5846154892288736,2020-03-08 12:06:41,2022,5
104,48,0.584105646298552,0.5505459687040865,2020-03-08 11:22:57,2022,5
112,44,0.8134333777253151,0.8406432294939274,2020-03-08 11:13:20,2022,5
223,104,0.4189195930478266,0.4134086721521375,2020-03-08 10:54:26,2022,5
60,27,0.6598226712192887,0.672899503773171,2020-03-08 10:52:59,2022,5
78,35,0.4850303742549073,0.4751542590453035,2020-03-08 10:24:43,2022,5
176,63,0.7828665699571736,0.7917221010344775,2020-03-08 10:21:31,2022,5
36,16,0.2191121804538943,0.1190329201669853,2020-03-08 09:40:06,2022,5
253,90,0.4839599208634885,0.4928274870173704,2020-03-08 09:21:15,2022,5
86,31,0.542473918086692,0.5469686052967662,2020-03-08 08:53:02,2022,5
44,15,0.55705471503449,0.5170791351023881,2020-03-08 08:52:51,2022,5
415,181,0.6841962001163572,0.7120094628525928,2020-03-08 08:28:29,2022,5
38,14,1.0094615888967862,1.09101329817335,2020-03-08 08:20:33,2022,5
61,22,0.4406880518902332,0.4615627531528634,2020-03-08 07:50:07,2022,5
191,59,0.6187294696820304,0.6252132169931341,2020-03-08 07:29:04,2022,5
314,99,0.3551447424217549,0.3160362085569538,2020-03-08 07:13:22,2022,5
1505,595,0.5538349327979353,0.5473260107618687,2020-03-08 06:59:27,2022,5
64,28,0.4320719495584545,0.4347744232413187,2020-03-08 05:53:37,2022,5
134,65,0.6717542538341122,0.6601529292784358,2020-03-08 05:03:14,2022,5
131,47,0.6609078391844483,0.7039559185407456,2020-03-08 04:59:03,2022,5
104,39,0.5950025959120682,0.5894265190178055,2020-03-08 04:58:41,2022,5
244,72,0.6629764152805676,0.6536107742918114,2020-03-08 03:00:40,2022,5
129,47,0.2662986651614568,0.221813292641039,2020-03-08 02:33:51,2022,5
190,62,0.5799069305445637,0.555062401988516,2020-03-08 02:15:18,2022,5
356,129,0.7203895664027563,0.7468525323981746,2020-03-08 01:28:05,2022,5
23,11,0.7444360276830492,0.7990736563831262,2020-03-08 01:11:27,2022,5
237,90,0.6060829788150965,0.5770111586769844,2020-03-08 00:40:43,2022,5
27,15,1.11222946198784,1.2571951741818372,2020-03-07 23:45:18,2022,5
53,19,0.0057259629297843,-0.0635513070034523,2020-03-07 23:36:55,2022,5
68,26,0.218488001204814,0.2327788799644444,2020-03-07 23:36:24,2022,5
14,7,0.3663293147726766,0.3092920999828135,2020-03-07 23:05:58,2022,5
12,4,0.9065118706195467,0.9210445245209502,2020-03-07 22:02:02,2022,5
63,25,0.6782905367244143,0.64592714064197,2020-03-07 21:38:09,2022,5
167,72,0.6404624756704916,0.6298956610789137,2020-03-07 21:10:46,2022,5
53,19,-0.0875850754297371,-0.0959715367106142,2020-03-07 21:01:31,2022,5
143,56,0.5452578774678984,0.524481378212203,2020-03-07 20:31:15,2022,5
72,19,0.7100817552041394,0.784496732856611,2020-03-07 20:19:24,2022,5
64,23,0.4993567003276909,0.5559954686059772,2020-03-07 20:17:31,2022,5
118,57,0.5779079758952753,0.5498168193998627,2020-03-07 19:51:17,2022,5
48,17,0.5935305614378839,0.6206582406551853,2020-03-07 19:48:44,2022,5
130,47,0.285742526084945,0.2744624396906886,2020-03-07 19:05:48,2022,5
83,37,0.5620896332667383,0.5601057004743604,2020-03-07 18:40:02,2022,5
51,18,0.5796693983315016,0.5358129902071649,2020-03-07 18:07:22,2022,5
27,10,0.958443584143023,1.0245204636339538,2020-03-07 17:54:37,2022,5
67,16,0.7097946193114043,0.6766479841881481,2020-03-07 17:47:54,2022,5
63,17,0.3823451875007714,0.3758568514036481,2020-03-07 17:43:34,2022,5
379,154,0.4301601918297515,0.419564185442255,2020-03-07 16:23:45,2022,5
115,32,0.7382629303523373,0.7593395855196394,2020-03-07 16:11:24,2022,5
71,32,0.6062166956036107,0.6113602234406615,2020-03-07 15:43:42,2022,5
80,31,0.339539567528513,0.3226963326530021,2020-03-07 15:16:57,2022,5
40,23,0.8839858241160262,0.9261218838678008,2020-03-07 15:09:25,2022,5
7,5,0.3950772276160294,0.3031119389704147,2020-03-07 14:49:15,2022,5
112,45,0.8750232403446652,0.9117342044426952,2020-03-07 14:44:58,2022,5
990,477,0.888681070826835,0.9341680379230288,2020-03-07 14:28:42,2022,5
561,248,0.6426796647933778,0.6166163130542485,2020-03-07 14:01:38,2022,5
62,15,0.5194107261694646,0.497682137420429,2020-03-07 13:40:20,2022,5
36,19,0.5694561414787268,0.5775756235687878,2020-03-07 12:40:37,2022,5
139,42,0.1588497374381761,0.1546094289762176,2020-03-07 10:45:20,2022,5
90,31,0.973082587224524,1.0424654757734877,2020-03-07 10:27:19,2022,5
74,31,0.4924192758910241,0.4730636727568896,2020-03-07 09:59:31,2022,5
60,22,0.6975437388435369,0.7221005937210278,2020-03-07 08:36:40,2022,5
23,10,0.4159426482281402,0.5679401899206443,2020-03-07 08:00:30,2022,5
84,26,0.7612549923045709,0.8487402629064055,2020-03-07 07:36:15,2022,5
59,31,0.4025259584151915,0.375000089125102,2020-03-07 07:18:15,2022,5
105,37,0.508362219015293,0.4773316387213306,2020-03-07 05:04:27,2022,5
95,34,0.6034316996233126,0.624929141869808,2020-03-07 03:56:44,2022,5
138,51,0.4421821978799669,0.4275412131713808,2020-03-07 03:33:09,2022,5
25,10,0.5902848293426666,0.730016129033648,2020-03-07 03:00:50,2022,5
57,26,0.6782746066702743,0.6665411346218406,2020-03-07 01:13:49,2022,5
31,10,0.0770003598643601,0.1992475015694838,2020-03-07 01:13:36,2022,5
43,14,0.5557740860445405,0.5047188130775904,2020-03-06 23:14:38,2022,5
43,16,-0.013015623855839,-0.0095812414423976,2020-03-06 22:59:31,2022,5
522,221,0.7009792402605953,0.7041878403502967,2020-03-06 22:52:54,2022,5
85,37,0.6330056815148505,0.6468309158316575,2020-03-06 22:29:35,2022,5
180,48,0.4230052793391561,0.4057451540287835,2020-03-06 21:41:50,2022,5
327,151,0.6832750279220189,0.6790479453760471,2020-03-06 21:29:17,2022,5
463,194,0.4080776297239841,0.3925233725671102,2020-03-06 19:45:29,2022,5
95,38,0.779044875164112,0.8594599654431327,2020-03-06 17:55:53,2022,5
125,43,0.7029162477585539,0.7662606782783955,2020-03-06 16:16:39,2022,5
161,57,0.4776425794909677,0.4415350119486946,2020-03-06 15:59:09,2022,5
16,8,0.847972773902236,0.9115446148566207,2020-03-06 15:46:06,2022,5
70,22,0.6550816962253424,0.6619705229176529,2020-03-06 15:34:44,2022,5
106,36,0.8022323163211029,0.8673477323559048,2020-03-06 15:25:40,2022,5
102,49,0.519644325625541,0.5160388997504661,2020-03-06 15:21:40,2022,5
121,49,0.6565301927884589,0.6487804649705855,2020-03-06 14:40:27,2022,5
73,25,0.7959141382312168,0.7843905508097619,2020-03-06 14:26:25,2022,5
35,12,1.015089337138124,1.065248281476925,2020-03-06 13:43:55,2022,5
205,68,0.4639196197647038,0.4093597736360863,2020-03-06 13:31:30,2022,5
468,177,0.6874897490190754,0.7070125795086545,2020-03-06 13:30:13,2022,5
19,8,0.6074408418459578,0.562971006403918,2020-03-06 13:13:34,2022,5
94,27,0.4163792571594146,0.4322524473827661,2020-03-06 13:13:32,2022,5
84,29,0.2729562408539807,0.2577332053419603,2020-03-06 12:59:47,2022,5
187,70,0.468391647032441,0.4301293726641422,2020-03-06 12:37:21,2022,5
60,21,0.3725758077461522,0.3596006865831726,2020-03-06 12:12:41,2022,5
109,38,0.6675748667571516,0.6647594099133302,2020-03-06 12:06:05,2022,5
12,4,0.507750498921428,0.4489720904319648,2020-03-06 11:50:21,2022,5
16,9,0.4089923125348542,0.3866988687469684,2020-03-06 10:23:40,2022,5
710,241,0.6670298458186446,0.6752562810772824,2020-03-06 08:52:20,2022,5
140,63,0.5981673215739085,0.5944517815308902,2020-03-06 08:38:22,2022,5
146,64,0.6630806762342916,0.6595179734811519,2020-03-06 08:03:13,2022,5
99,46,0.937301154222868,0.9874578849334258,2020-03-06 06:41:19,2022,5
45,18,0.6069256462752883,0.544620753548034,2020-03-06 05:25:06,2022,5
44,12,0.6847201774463683,0.6940210422862059,2020-03-06 03:09:44,2022,5
284,93,0.5508680336594814,0.5497311535643393,2020-03-06 02:53:17,2022,5
57,29,0.3985612762904716,0.3558871791469894,2020-03-06 02:52:28,2022,5
120,46,0.5087989241597828,0.5009638931001457,2020-03-06 02:32:24,2022,5
62,28,0.7589635391481914,0.7765623819337863,2020-03-06 01:28:04,2022,5
20,7,0.9287020798419504,0.9398355546262172,2020-03-06 00:35:26,2022,5
38,16,-0.0885979249640252,-0.0112028659170098,2020-03-06 00:30:18,2022,5
61,22,0.4020784511482808,0.3985527361674199,2020-03-06 00:24:40,2022,5
110,40,0.425475809097563,0.4120856306549245,2020-03-05 23:51:15,2022,5
45,18,0.8656520573547124,0.8495922125157374,2020-03-05 23:36:50,2022,5
77,22,0.3530708357189012,0.365850481234461,2020-03-05 23:36:35,2022,5
160,55,0.5860849428481695,0.60624827175579,2020-03-05 23:36:33,2022,5
32,14,0.7710522352171129,0.805792873208646,2020-03-05 23:17:24,2022,5
71,26,0.2752758942624842,0.3221549332270815,2020-03-05 23:16:23,2022,5
86,33,0.686334685996604,0.6763543914978184,2020-03-05 21:50:38,2022,5
122,46,0.482384721268877,0.4546114468112316,2020-03-05 21:39:45,2022,5
106,43,0.4626758548222465,0.5040729881930484,2020-03-05 21:31:44,2022,5
101,41,0.3073475814811501,0.2632060322948432,2020-03-05 21:21:36,2022,5
35,17,0.6652639682481472,0.6770558944090325,2020-03-05 21:20:18,2022,5
6,5,0.5712741127849655,0.5217560137063658,2020-03-05 20:15:28,2022,5
45,17,0.5253595607315136,0.5381632309219704,2020-03-05 20:04:50,2022,5
61,29,0.8666197446216796,0.9062276892885216,2020-03-05 20:03:28,2022,5
334,117,0.5418262513000637,0.6008671510358191,2020-03-05 19:29:12,2022,5
83,41,0.7546670822380503,0.7555850373721587,2020-03-05 18:47:01,2022,5
72,32,0.4134490383863783,0.3580139078155702,2020-03-05 18:40:45,2022,5
68,26,0.3510087224233758,0.4477249046072754,2020-03-05 17:58:12,2022,5
68,29,0.2606736479284752,0.2692285376174878,2020-03-05 16:20:40,2022,5
11,5,0.0343372890333124,-0.0137465864490651,2020-03-05 16:11:08,2022,5
29,8,0.6862657641583767,0.74493081458992,2020-03-05 15:33:00,2022,5
94,38,1.0860265619754073,1.1732142647091195,2020-03-05 13:42:41,2022,5
267,95,0.5598731860440184,0.5611316839666635,2020-03-05 13:35:47,2022,5
237,82,0.5153657436006005,0.5041173115229499,2020-03-05 12:37:44,2022,5
316,177,0.7491894808065757,0.7503681813990998,2020-03-05 11:33:47,2022,5
354,124,0.5820176521143668,0.5655911922781767,2020-03-05 09:03:34,2022,5
369,121,0.8868782205264394,0.9402841491478908,2020-03-05 08:54:50,2022,5
24,8,0.6758330538523214,0.6462779065372684,2020-03-05 08:16:46,2022,5
78,42,0.6739693689688614,0.6881418446383102,2020-03-05 08:14:47,2022,5
41,11,0.2985185610520474,0.2202288665506913,2020-03-05 08:06:54,2022,5
54,24,0.8574394925132861,0.8913268583915094,2020-03-05 07:38:19,2022,5
229,77,0.5676836522925179,0.6021628600903133,2020-03-05 06:41:49,2022,5
61,30,0.4348791526633398,0.4073900717940412,2020-03-05 06:31:00,2022,5
99,22,0.4084707550683241,0.4701498598843419,2020-03-05 06:25:37,2022,5
70,24,1.0075546019170838,1.0703636174500255,2020-03-05 05:22:21,2022,5
70,21,0.5036657340396922,0.4866237470502963,2020-03-05 04:59:03,2022,5
165,70,0.4021397547717779,0.3977881935875035,2020-03-05 04:55:02,2022,5
150,61,0.7539928671288347,0.7745566362795631,2020-03-05 04:19:45,2022,5
36,11,0.5505946004319048,0.5560412085562574,2020-03-05 03:00:57,2022,5
15,5,0.3542737384190125,0.2598508118836222,2020-03-05 02:57:38,2022,5
18,8,0.3251780685654581,0.1793208084213836,2020-03-05 02:27:54,2022,5
286,96,0.317999849425804,0.2969271199302757,2020-03-05 01:51:07,2022,5
70,16,0.4262481935804209,0.4833158550192885,2020-03-05 01:41:09,2022,5
83,37,0.4693469114757549,0.4726859912173095,2020-03-05 01:25:16,2022,5
424,143,0.3586836640334733,0.3871391480025238,2020-03-05 00:10:14,2022,5
29,11,0.833799041213706,0.8516885406778738,2020-03-05 00:07:35,2022,5
77,31,0.5847926907299128,0.5966830703546003,2020-03-04 23:30:53,2022,5
153,50,0.4779576192113013,0.4733140523536447,2020-03-04 23:09:08,2022,5
50,13,0.1776563485907833,0.2290422852276559,2020-03-04 23:04:40,2022,5
412,140,0.3620384328066444,0.3908526197399241,2020-03-04 22:54:34,2022,5
189,57,0.4993531070072786,0.5150150466951013,2020-03-04 22:52:34,2022,5
80,27,0.4326008433538381,0.4347042231508431,2020-03-04 22:08:00,2022,5
25,14,0.193838749098506,0.2600674923517216,2020-03-04 21:47:35,2022,5
62,34,0.5943488132265939,0.5938349663088436,2020-03-04 21:05:53,2022,5
94,40,0.5651537277853993,0.5452594266762258,2020-03-04 20:56:10,2022,5
85,34,0.1396735692999428,0.1328529244976726,2020-03-04 20:12:57,2022,5
45,19,0.7458876573265977,0.7680058637589471,2020-03-04 19:41:00,2022,5
33,17,-0.0627073731077207,-0.0193175741979208,2020-03-04 18:00:49,2022,5
42,20,0.5810113090706174,0.5542018590214601,2020-03-04 17:56:25,2022,5
34,11,0.2795083077706634,0.2906413914165389,2020-03-04 17:49:15,2022,5
95,34,0.5463707115662936,0.5787243322151339,2020-03-04 16:09:39,2022,5
72,33,0.7579247844423934,0.7553164967171242,2020-03-04 15:30:07,2022,5
25,10,0.9612256402246376,0.9841823856746472,2020-03-04 15:26:45,2022,5
52,18,0.2329427792709925,0.2741149335957986,2020-03-04 14:58:09,2022,5
59,22,1.004134782183631,1.0736061375030097,2020-03-04 14:54:04,2022,5
21,10,0.1406959184343662,0.1179296417380841,2020-03-04 14:53:09,2022,5
22,12,0.8153222546110622,0.8465067717700578,2020-03-04 14:20:39,2022,5
22,12,0.8153222546110622,0.8465067717700578,2020-03-04 14:20:36,2022,5
14,5,0.5601458884585064,0.6632315914766869,2020-03-04 14:00:16,2022,5
110,29,0.4350268886083522,0.4705918809269288,2020-03-04 13:38:50,2022,5
643,246,0.6878268083088884,0.712943251002079,2020-03-04 12:56:50,2022,5
31,11,0.7435929803855903,0.7687802381528172,2020-03-04 12:53:45,2022,5
64,25,0.6953538140249849,0.6959697417045299,2020-03-04 12:28:24,2022,5
41,13,0.5782615941749139,0.538178557070395,2020-03-04 11:32:49,2022,5
34,14,0.5644085678260412,0.5925503665718624,2020-03-04 10:47:37,2022,5
21,6,0.5222943500797997,0.5379658406181885,2020-03-04 09:35:53,2022,5
29,13,0.7483270152097833,0.7733181186164667,2020-03-04 09:34:02,2022,5
21,8,0.4416766669830769,0.4402029430495068,2020-03-04 09:19:35,2022,5
29,13,0.8245872119543083,0.8690507217747453,2020-03-04 09:19:10,2022,5
49,17,1.004838460562893,1.1210154736542557,2020-03-04 06:25:15,2022,5
55,19,0.7053474168973434,0.6824679924430899,2020-03-04 05:14:46,2022,5
90,35,0.3323062518316939,0.3135504572094307,2020-03-04 04:37:46,2022,5
53,17,0.02719631054094,-0.0434715184538527,2020-03-04 04:02:07,2022,5
33,10,-0.0496764805717783,0.0621831821404298,2020-03-04 03:51:39,2022,5
240,97,0.5607363252650445,0.5388408551023198,2020-03-04 03:07:00,2022,5
224,88,0.556223179258816,0.5370539363000365,2020-03-04 02:55:41,2022,5
33,13,0.449777581836002,0.4539541846248316,2020-03-04 02:51:43,2022,5
87,29,0.3323293058933299,0.3396802916819582,2020-03-04 02:48:21,2022,5
80,34,0.6688589627650681,0.695455786149771,2020-03-04 02:46:16,2022,5
5,3,0.0448472786749683,-0.0990996209716558,2020-03-04 02:34:49,2022,5
97,21,0.5249044523486832,0.5309201618022935,2020-03-04 01:39:39,2022,5
225,113,0.4004768240169505,0.377635780199275,2020-03-04 01:26:30,2022,5
49,22,0.899345968591145,0.9417716001522144,2020-03-04 01:06:25,2022,5
155,68,0.6459798652030804,0.6229897074218862,2020-03-04 01:04:04,2022,5
522,212,0.51616240207182,0.5047997328185279,2020-03-04 00:58:39,2022,5
1275,599,0.6057737657279038,0.5816461428051237,2020-03-04 00:29:11,2022,5
69,20,0.5905166673494677,0.5767093373031021,2020-03-03 23:47:37,2022,5
292,130,0.4372593594210563,0.3739955624150093,2020-03-03 23:40:27,2022,5
212,89,0.5107644088495668,0.5191755161582688,2020-03-03 23:25:16,2022,5
26,8,0.2127366352668605,0.2019744391593998,2020-03-03 22:54:29,2022,5
107,34,0.4965721910224299,0.5243456162070073,2020-03-03 22:52:35,2022,5
87,33,0.6302536799330851,0.6524631413400996,2020-03-03 22:35:13,2022,5
79,30,0.3344258673833483,0.3469777600187055,2020-03-03 22:29:39,2022,5
11,4,0.376762025078732,0.4694334343243667,2020-03-03 21:58:11,2022,5
261,104,0.7811637711326518,0.7728186963997826,2020-03-03 21:56:00,2022,5
97,34,0.5234185907844633,0.5469378830703607,2020-03-03 21:54:07,2022,5
72,30,0.4805079635752462,0.4287673044130552,2020-03-03 21:48:55,2022,5
87,30,0.3055897372252589,0.313696844747566,2020-03-03 21:40:22,2022,5
97,38,0.0682723166863364,-0.0092582873797052,2020-03-03 21:13:00,2022,5
6,3,1.4837885075546142,1.668370751448198,2020-03-03 21:12:49,2022,5
28,11,0.7600324026860416,0.7443329181774797,2020-03-03 21:11:19,2022,5
279,106,0.4882267971126744,0.5295490130340026,2020-03-03 20:56:05,2022,5
50,23,0.5466107902348981,0.5394445059882818,2020-03-03 20:55:09,2022,5
75,21,0.8842135850032478,0.9602288212989912,2020-03-03 20:47:37,2022,5
1076,502,0.571041251735853,0.5679105211656132,2020-03-03 20:44:49,2022,5
39,18,0.8312933173018141,0.8710279061173013,2020-03-03 20:03:31,2022,5
7,3,0.3786940084687422,0.4348440196491159,2020-03-03 19:14:18,2022,5
247,103,0.7028411099572478,0.7008076184206656,2020-03-03 19:05:11,2022,5
121,45,0.6243260539725003,0.6032549433100265,2020-03-03 18:25:45,2022,5
48,21,0.6195847374403082,0.6116188954542202,2020-03-03 17:59:06,2022,5
18,6,1.0695712687364132,1.1383245096640746,2020-03-03 17:57:33,2022,5
39,15,0.9434513930365432,1.0315357815399202,2020-03-03 17:36:48,2022,5
52,27,0.757534484767644,0.7849603484746588,2020-03-03 17:13:37,2022,5
131,82,0.4338908300302254,0.409716332180581,2020-03-03 17:06:11,2022,5
128,56,0.3673898146808764,0.3619027160225804,2020-03-03 16:59:59,2022,5
68,21,0.4293762340883992,0.4536547912685933,2020-03-03 16:49:01,2022,5
369,148,0.6168378902847277,0.6237157655428328,2020-03-03 15:40:19,2022,5
83,35,0.5030727596814731,0.4776795893617604,2020-03-03 15:25:29,2022,5
39,14,0.7041504103973288,0.7214420269583363,2020-03-03 15:21:20,2022,5
26,13,0.4057735807441078,0.4097257316885799,2020-03-03 15:17:31,2022,5
81,31,0.7294923344587355,0.7646142502467812,2020-03-03 15:14:41,2022,5
89,41,0.7742511150322099,0.7681191494366229,2020-03-03 13:51:04,2022,5
75,26,0.404158329251263,0.374427797756954,2020-03-03 13:37:35,2022,5
484,136,0.600353968294175,0.6424138311363355,2020-03-03 13:04:44,2022,5
16,10,0.567564704676146,0.6088628777054479,2020-03-03 13:00:02,2022,5
79,33,0.3499166837276938,0.3958910945326789,2020-03-03 11:49:40,2022,5
126,37,0.8411347213663768,0.8950718738265856,2020-03-03 11:48:32,2022,5
163,64,0.5929206241699794,0.5920657909914724,2020-03-03 11:12:25,2022,5
26,9,0.6820877956574533,0.7108938283565593,2020-03-03 10:59:41,2022,5
149,51,0.7007562167954124,0.7002382869974079,2020-03-03 08:48:04,2022,5
118,42,0.550296234045961,0.5237882288140466,2020-03-03 08:37:10,2022,5
39,14,0.7041504103973288,0.7214420269583363,2020-03-03 05:46:52,2022,5
66,30,0.5079345279736439,0.4929384318902176,2020-03-03 05:35:07,2022,5
16,7,0.7564795605038925,0.7185189778308503,2020-03-03 05:20:16,2022,5
66,24,0.4660196576972062,0.4002546049738654,2020-03-03 05:13:48,2022,5
18,5,0.551799720213662,0.4644642508076406,2020-03-03 05:05:08,2022,5
151,53,0.5827366246606569,0.6096582685231631,2020-03-03 04:50:28,2022,5
122,52,0.5929949043487779,0.5835246204092239,2020-03-03 03:56:20,2022,5
77,32,0.5595417359093698,0.5455670727226799,2020-03-03 02:38:51,2022,5
44,12,0.0103960909634924,-0.0066257661994075,2020-03-03 02:26:08,2022,5
60,27,0.4664817322072251,0.456305457222954,2020-03-03 02:22:00,2022,5
98,30,0.772104743476537,0.8166204174049682,2020-03-03 02:17:29,2022,5
132,61,0.6111156118352032,0.6143243887176176,2020-03-03 02:15:29,2022,5
54,18,0.9491318255689816,1.046718219334893,2020-03-03 02:13:02,2022,5
15,4,0.1623118687875926,0.2195127339243157,2020-03-03 02:03:21,2022,5
938,353,0.4802668464765378,0.4616452807223637,2020-03-03 01:30:21,2022,5
288,108,0.6294479681228919,0.6298406662520567,2020-03-03 01:00:33,2022,5
309,98,0.6175099244456503,0.602508124305152,2020-03-03 00:47:07,2022,5
236,124,0.7340999725164806,0.744254475464545,2020-03-03 00:31:47,2022,5
785,328,0.6403057728277187,0.6411214889079032,2020-03-03 00:15:45,2022,5
93,27,0.6596990509049114,0.6709039144243176,2020-03-03 00:07:19,2022,5
71,29,0.4642657663007464,0.4633908783680737,2020-03-02 23:46:58,2022,5
108,41,0.769983303882584,0.7847261621097633,2020-03-02 23:34:01,2022,5
2,2,1.7133081342878342,1.993803554308304,2020-03-02 23:12:29,2022,5
298,110,0.562563499436636,0.5382918897725069,2020-03-02 22:58:15,2022,5
120,29,0.6889281531531821,0.7441469075267828,2020-03-02 22:34:06,2022,5
37,12,0.5637780172317258,0.5181509197824663,2020-03-02 22:18:08,2022,5
147,63,0.9626300040118568,1.0004989716204262,2020-03-02 22:16:30,2022,5
104,46,0.4609989208413195,0.3950378812583954,2020-03-02 21:49:50,2022,5
200,89,0.8071581998530832,0.8182179141056105,2020-03-02 21:26:43,2022,5
355,102,0.3936284882337736,0.4035338279617295,2020-03-02 20:45:47,2022,5
131,53,0.5039292904315759,0.5054003767364393,2020-03-02 20:28:41,2022,5
82,32,0.358101941043513,0.382939782095438,2020-03-02 20:27:43,2022,5
121,45,0.714931491719287,0.7361426621318,2020-03-02 20:19:52,2022,5
40,12,0.3204989455769445,0.2865148741298202,2020-03-02 20:00:23,2022,5
97,33,0.4206790742033156,0.4268510042332027,2020-03-02 19:53:58,2022,5
229,118,0.6849718141322374,0.680215768135488,2020-03-02 19:51:39,2022,5
105,32,0.9469386230555116,1.0290146516674632,2020-03-02 19:42:56,2022,5
115,44,0.4938078730988391,0.4592834926335868,2020-03-02 19:28:32,2022,5
40,14,0.5998233073367744,0.6446075927501335,2020-03-02 19:24:24,2022,5
69,13,0.2741261671288745,0.2775823930047697,2020-03-02 18:41:55,2022,5
213,79,0.422890909955383,0.4067185540541704,2020-03-02 18:24:56,2022,5
29,18,0.6742077855493371,0.6599574184239474,2020-03-02 18:14:06,2022,5
190,81,0.5863859823567401,0.5711893862033555,2020-03-02 18:12:35,2022,5
102,35,0.2876935692025637,0.3232631568874832,2020-03-02 17:52:43,2022,5
94,35,0.5602783673195356,0.5332811788375961,2020-03-02 17:35:37,2022,5
99,39,0.3388654278131461,0.3383084484644509,2020-03-02 17:11:34,2022,5
351,104,0.6680499319126886,0.6960255612409004,2020-03-02 17:03:08,2022,5
59,21,0.6314483341214248,0.7108621083050066,2020-03-02 16:52:29,2022,5
123,33,0.198141378929601,0.1930281372843669,2020-03-02 16:08:36,2022,5
57,21,0.2568181016357337,0.2985605884204992,2020-03-02 15:58:10,2022,5
528,203,0.3856620047140682,0.3653335049944065,2020-03-02 15:18:07,2022,5
52,21,0.2919203544945669,0.2666990984108751,2020-03-02 14:27:39,2022,5
18,10,0.221110864892006,0.150619656284627,2020-03-02 14:13:45,2022,5
83,26,0.5037507347811596,0.5725166173576384,2020-03-02 14:12:25,2022,5
27,10,0.1090638689054308,0.0383869064395949,2020-03-02 14:07:54,2022,5
227,83,0.6469634432678601,0.6440033074316844,2020-03-02 14:05:10,2022,5
171,57,0.7852747007118314,0.8010786733449075,2020-03-02 14:02:49,2022,5
25,10,0.2953868846914996,0.1071286299785735,2020-03-02 13:55:46,2022,5
243,83,0.6773075028639903,0.6986347302013867,2020-03-02 13:45:11,2022,4
70,24,0.8927525155492043,0.959832011335598,2020-03-02 13:33:58,2022,4
410,139,0.5974976628320808,0.5972087144839745,2020-03-02 13:30:16,2022,4
58,22,0.4889552626245294,0.4754519152933346,2020-03-02 13:27:45,2022,4
62,27,0.5843037029669838,0.5809336438710975,2020-03-02 11:50:22,2022,4
260,126,0.720306245725164,0.7073265259488953,2020-03-02 11:49:38,2022,4
39,14,0.5431885942467591,0.5481469715430961,2020-03-02 10:56:12,2022,4
96,28,0.754224305580564,0.7792420568989166,2020-03-02 10:37:05,2022,4
33,20,0.5200379132818933,0.4682642146733724,2020-03-02 10:03:30,2022,4
141,56,0.4810586470848886,0.4700340428750676,2020-03-02 09:10:11,2022,4
220,77,0.4050030709018076,0.4335300946036947,2020-03-02 09:08:34,2022,4
29,7,0.8596080738999677,0.8712987859356472,2020-03-02 08:09:59,2022,4
14,10,0.2810129282698232,0.3405269678022352,2020-03-02 08:04:15,2022,4
25,10,0.6431394989526963,0.6485084602675684,2020-03-02 07:50:09,2022,4
456,220,0.4981784188379041,0.4748544139322286,2020-03-02 07:15:15,2022,4
119,41,0.7573496176143067,0.7646878401184373,2020-03-02 07:09:56,2022,4
137,57,0.7323893255114639,0.7632511532003478,2020-03-02 07:09:40,2022,4
57,14,0.4011050157928614,0.3293358654284318,2020-03-02 07:08:21,2022,4
72,28,0.8570294717180855,0.8759708768130025,2020-03-02 06:42:49,2022,4
180,70,0.5837385687075337,0.5746348682266512,2020-03-02 06:23:18,2022,4
34,15,0.6517625033334523,0.6141243661349225,2020-03-02 05:17:05,2022,4
61,25,0.5907485053562689,0.557767978956993,2020-03-02 05:00:55,2022,4
132,31,0.4829829773882017,0.4747627774555564,2020-03-02 04:56:41,2022,4
214,70,0.4346352034366602,0.3904527075468662,2020-03-02 04:49:25,2022,4
80,27,0.7511119183273527,0.7826380086278628,2020-03-02 04:42:16,2022,4
35,11,0.2232725535205134,0.1570852053315156,2020-03-02 04:40:15,2022,4
188,65,0.412174305115797,0.4448592200923779,2020-03-02 03:34:35,2022,4
58,16,0.6104577844216369,0.5922071454246596,2020-03-02 03:28:07,2022,4
85,32,0.6500149713571141,0.7230036637757472,2020-03-02 03:24:58,2022,4
106,37,0.4893827279770421,0.4427065673551911,2020-03-02 02:42:56,2022,4
30,14,0.8694177895313497,0.9557035356039982,2020-03-02 02:25:08,2022,4
81,36,0.7913596549364965,0.7663432363200038,2020-03-02 02:14:38,2022,4
316,128,0.5435091995436673,0.5369275681157506,2020-03-02 01:39:45,2022,4
97,44,0.7701489702555494,0.7976121318193833,2020-03-02 01:38:40,2022,4
50,23,0.5330510814027799,0.4824600663055543,2020-03-02 01:17:35,2022,4
47,14,0.6415116603164691,0.64778528618597,2020-03-02 01:17:05,2022,4
57,26,0.6115963051678357,0.5725443429502606,2020-03-02 00:50:51,2022,4
231,110,0.5377676851491469,0.4996953033630319,2020-03-02 00:47:34,2022,4
61,23,0.5919177753036146,0.5917566858550299,2020-03-02 00:28:32,2022,4
34,14,0.5527933116713818,0.4754883218027305,2020-03-01 23:52:51,2022,4
67,32,0.2885692781223024,0.2508875853416995,2020-03-01 22:50:19,2022,4
133,54,0.7294761199259049,0.7512170436202021,2020-03-01 22:34:02,2022,4
46,17,-0.2427227666239715,-0.2493787349376996,2020-03-01 21:53:47,2022,4
77,33,0.6167143621180071,0.6042037145507277,2020-03-01 21:43:35,2022,4
414,169,0.6603128125247395,0.6521659312321714,2020-03-01 21:17:49,2022,4
115,34,0.592465562330303,0.5888690321281733,2020-03-01 20:40:52,2022,4
45,11,0.7301513133543608,0.7111004069500232,2020-03-01 19:44:48,2022,4
69,34,0.6641729658632004,0.6488570675321089,2020-03-01 19:06:08,2022,4
93,31,0.6333811845087357,0.6321988879230248,2020-03-01 18:53:25,2022,4
10,2,0.9830184128639532,0.9941207527081,2020-03-01 18:12:38,2022,4
312,116,0.7068191854046264,0.6838727957698358,2020-03-01 17:44:36,2022,4
84,31,0.7387658547307846,0.7336865046398329,2020-03-01 17:16:01,2022,4
7,3,0.5641644139097277,0.5108432969637516,2020-03-01 16:22:20,2022,4
36,17,0.9246497852692902,1.062554491104536,2020-03-01 16:12:05,2022,4
40,15,1.248550209986964,1.3784042780015893,2020-03-01 15:42:00,2022,4
29,12,0.6523055608116805,0.6557171420497988,2020-03-01 13:20:12,2022,4
213,94,0.2788180352989245,0.2199356197636408,2020-03-01 13:06:56,2022,4
67,23,0.4628970052488511,0.4142781552644817,2020-03-01 12:15:04,2022,4
60,21,0.8000456122102413,0.8374202124052526,2020-03-01 11:33:05,2022,4
27,8,1.6982386638457538,1.96749611216093,2020-03-01 09:43:39,2022,4
123,40,0.4602367776121497,0.4600242453155378,2020-03-01 09:34:40,2022,4
110,29,0.6308676231394345,0.6362655801122512,2020-03-01 09:09:33,2022,4
118,53,0.7272049021555009,0.7203551915946848,2020-03-01 08:55:24,2022,4
101,31,0.6142660866714852,0.6467995994100378,2020-03-01 08:30:04,2022,4
64,21,0.3592637755177817,0.3947564887578798,2020-03-01 07:22:57,2022,4
73,27,0.1570657281368146,0.1068186608918832,2020-03-01 07:18:40,2022,4
108,38,0.4781449755735569,0.4840342756998659,2020-03-01 07:07:58,2022,4
22,12,0.5270703328215308,0.4733308331610146,2020-03-01 06:43:44,2022,4
334,119,0.3559077612583896,0.3482498989386895,2020-03-01 06:33:33,2022,4
91,38,0.478633055587875,0.4310224721025439,2020-03-01 06:33:29,2022,4
43,12,1.171193595050953,1.2630412724368094,2020-03-01 06:09:34,2022,4
226,109,0.6032294725481008,0.5903645356124217,2020-03-01 05:49:42,2022,4
36,10,-0.0960440819320246,-0.0839692742338689,2020-03-01 05:45:04,2022,4
92,39,0.3059790945659351,0.2923230952647542,2020-03-01 04:46:11,2022,4
120,47,0.470136554059363,0.454043069092001,2020-03-01 04:37:20,2022,4
109,45,0.2853057997470554,0.2761824914606555,2020-03-01 03:42:51,2022,4
32,17,0.5223426558200939,0.4494019505977715,2020-03-01 03:32:59,2022,4
52,18,0.2634272086985817,0.2720409830715258,2020-03-01 02:49:42,2022,4
93,23,0.8243605769051972,0.8395804162288409,2020-03-01 02:10:30,2022,4
88,28,0.63310862117038,0.61495952302849,2020-03-01 01:59:53,2022,4
28,12,0.5958489415058962,0.6906108183041392,2020-03-01 01:36:21,2022,4
69,25,0.6442737273982552,0.6883534009132074,2020-03-01 01:34:51,2022,4
155,61,1.00708636868795,1.0819128380662706,2020-03-01 01:30:18,2022,4
13,6,0.0295387634599608,-0.0378314371696839,2020-03-01 01:22:59,2022,4
65,23,0.2375080222979051,0.2681878563515821,2020-03-01 00:58:37,2022,4
72,28,0.771083810625343,0.8467403855381425,2020-03-01 00:35:40,2022,4
308,136,0.6804357201638164,0.6678998728773484,2020-03-01 00:28:38,2022,4
63,24,0.0446385945184409,0.0962566576531655,2020-03-01 00:09:44,2022,4
43,17,0.3017394300193006,0.2111283621598797,2020-03-01 00:06:20,2022,4
331,109,0.7803865509031273,0.7762788641765231,2020-02-29 23:56:21,2022,4
63,21,0.4853394915973089,0.5436928014440701,2020-02-29 23:27:40,2022,4
162,54,0.6513074449367756,0.6466409332599965,2020-02-29 23:03:33,2022,4
206,82,0.6552510835824723,0.680319360684658,2020-02-29 22:17:34,2022,4
43,12,0.9961486332490842,1.0464600688700998,2020-02-29 21:31:08,2022,4
22,10,0.8703451415585548,0.9672287007352284,2020-02-29 21:29:11,2022,4
81,25,0.819654350127663,0.8648328627981762,2020-02-29 21:19:33,2022,4
32,6,0.4066619211899646,0.2888074111500511,2020-02-29 21:16:21,2022,4
43,12,0.7263773427180528,0.8561923449240608,2020-02-29 20:49:11,2022,4
19,6,0.7002614532014193,0.7323865074945067,2020-02-29 20:34:49,2022,4
58,22,0.2508823851854671,0.2319693235925561,2020-02-29 20:27:37,2022,4
42,15,0.4627804290414838,0.3815240624929729,2020-02-29 19:58:31,2022,4
8,3,0.673901070462311,0.6121756667165985,2020-02-29 19:31:03,2022,4
5,3,0.673901070462311,0.6121756667165985,2020-02-29 19:29:43,2022,4
73,28,0.5246682471605613,0.5579254801035499,2020-02-29 18:51:28,2022,4
235,76,0.4146396107950306,0.4060052120118426,2020-02-29 18:20:11,2022,4
210,87,0.5746743952892025,0.5591452766665921,2020-02-29 17:57:57,2022,4
119,57,0.5228492964133995,0.5075546571727796,2020-02-29 17:42:40,2022,4
19,7,-0.4285438514029756,-0.4640631834606192,2020-02-29 17:18:03,2022,4
133,51,0.4313956983398263,0.4487203896942632,2020-02-29 16:51:56,2022,4
158,71,0.4103938142313154,0.3929271830574116,2020-02-29 16:23:05,2022,4
152,58,0.5809298614820088,0.5545379446352778,2020-02-29 16:21:26,2022,4
55,18,0.7032672179904669,0.660568368938311,2020-02-29 16:18:59,2022,4
57,25,0.4670043804699139,0.4618641640853969,2020-02-29 15:50:54,2022,4
1062,425,0.544332005181905,0.5234805228233187,2020-02-29 15:23:53,2022,4
45,15,0.8896991389126448,1.006177534173289,2020-02-29 14:50:25,2022,4
24,7,0.1241453969807297,0.0539102370589125,2020-02-29 12:58:16,2022,4
64,28,0.6741509676886389,0.6435362345999253,2020-02-29 12:27:48,2022,4
13,5,0.2106934127257342,0.1771049172590236,2020-02-29 12:23:40,2022,4
65,28,0.6369173884249716,0.6934642710238279,2020-02-29 12:08:59,2022,4
92,27,0.660301508900222,0.7186788242793691,2020-02-29 11:34:30,2022,4
346,136,0.5937247358067561,0.5653899531939414,2020-02-29 11:30:04,2022,4
174,56,0.2140787252227722,0.2473461279152746,2020-02-29 10:31:33,2022,4
136,52,0.4220071620561226,0.3888442112813211,2020-02-29 09:18:10,2022,4
122,42,0.3961783075188892,0.3427858166453043,2020-02-29 09:14:32,2022,4
165,71,0.6980777812569345,0.7397591137598566,2020-02-29 08:46:17,2022,4
185,68,0.7149859182802291,0.7344941679816867,2020-02-29 08:37:58,2022,4
67,18,0.1575698949253888,0.0698676792527184,2020-02-29 08:04:28,2022,4
56,18,0.5430547566351077,0.5006429118351127,2020-02-29 07:37:48,2022,4
43,17,0.4661560329953247,0.4652208046994605,2020-02-29 06:40:53,2022,4
94,32,0.977568845972671,1.0882786427887732,2020-02-29 06:03:17,2022,4
23,10,0.0246000927476608,0.0581604220870898,2020-02-29 05:47:56,2022,4
298,133,0.616189829872635,0.6177870832694322,2020-02-29 05:20:57,2022,4
298,130,0.5015388318191051,0.4865201579344319,2020-02-29 05:19:47,2022,4
181,63,0.8534711407174107,0.9362638495237968,2020-02-29 04:03:15,2022,4
37,13,0.5086996218715455,0.5281916299332284,2020-02-29 03:22:09,2022,4
7,5,0.1317092518898299,0.0014532690138618,2020-02-29 02:45:42,2022,4
153,70,0.7995351903384071,0.8126411597358985,2020-02-29 01:03:32,2022,4
79,27,0.5867249171417429,0.6080867447504927,2020-02-29 00:53:55,2022,4
73,24,0.4789487211764656,0.4547242503574753,2020-02-29 00:50:08,2022,4
21,7,-0.0092482562453191,0.0904809938681491,2020-02-29 00:13:28,2022,4
61,29,0.4547780205192998,0.3734503582319877,2020-02-28 23:08:59,2022,4
34,11,-0.2913279510117673,-0.3175943000666447,2020-02-28 22:49:19,2022,4
44,14,0.6931452964026292,0.7145811345334926,2020-02-28 22:07:51,2022,4
111,35,0.3046952828382409,0.2926050277427921,2020-02-28 20:20:58,2022,4
72,30,0.3869214552768972,0.3115601847446214,2020-02-28 20:13:04,2022,4
296,116,0.689712576526689,0.7170013552022361,2020-02-28 19:21:08,2022,4
207,70,0.4195727129051903,0.439358449023651,2020-02-28 18:33:14,2022,4
130,63,0.3644752970769453,0.3813829453298262,2020-02-28 18:30:53,2022,4
25,14,0.5852506326235539,0.581970825732577,2020-02-28 18:27:07,2022,4
78,26,0.485089318064128,0.4844074183916798,2020-02-28 18:09:28,2022,4
68,26,0.3378633595218091,0.2946105685819561,2020-02-28 17:55:08,2022,4
9,6,0.4768387646812638,0.5147406958003996,2020-02-28 17:23:40,2022,4
53,23,0.5967561337064226,0.5607469472851786,2020-02-28 17:14:45,2022,4
53,23,0.4477750145532833,0.4367079930057738,2020-02-28 16:34:27,2022,4
214,69,0.6272419736324819,0.5974947811761839,2020-02-28 15:48:06,2022,4
47,23,0.6121544499842061,0.7041375936760348,2020-02-28 15:40:44,2022,4
41,18,0.4810094465483107,0.5293945573962406,2020-02-28 15:03:31,2022,4
33,13,0.9088302506875596,0.915423276198862,2020-02-28 14:33:07,2022,4
238,78,0.6792969638997766,0.7029931973896758,2020-02-28 14:31:42,2022,4
37,12,0.5988664389773753,0.5638874321754631,2020-02-28 13:09:44,2022,4
48,21,0.5460589695690601,0.5837803323353062,2020-02-28 13:03:51,2022,4
53,19,0.5955759458562572,0.5772748073931422,2020-02-28 12:57:12,2022,4
64,24,0.5114194357205097,0.511402441461895,2020-02-28 12:51:10,2022,4
205,88,0.7765098847370271,0.7980593343909245,2020-02-28 12:21:24,2022,4
357,134,0.3417264654353615,0.3813205964874195,2020-02-28 10:16:34,2022,4
20,8,0.9383895965547162,0.9692748351244688,2020-02-28 05:27:26,2022,4
183,80,0.5283040192392761,0.5144310137063656,2020-02-28 04:31:13,2022,4
126,47,0.5696979370616715,0.5597079112984507,2020-02-28 03:54:09,2022,4
105,30,0.7032842997174608,0.7471572927573645,2020-02-28 01:41:24,2022,4
1482,612,0.4278194552418826,0.4235030717968831,2020-02-28 00:22:19,2022,4
696,356,0.5393496488039992,0.5332312209717633,2020-02-27 22:33:33,2022,4
156,76,0.7461543198256833,0.8114118904704529,2020-02-27 19:59:34,2022,4
17,12,0.7484756293167071,0.7290976318160377,2020-02-27 19:22:40,2022,4
324,103,0.6025696526017371,0.6477566768172967,2020-02-27 19:14:12,2022,4
34,14,0.752508678658458,0.757811212670984,2020-02-27 18:59:51,2022,4
130,45,0.6105320152699741,0.6038612158650831,2020-02-27 18:59:44,2022,4
138,61,0.6132841289187483,0.6382966144492005,2020-02-27 17:55:12,2022,4
70,34,0.199542325173908,0.1548617649869788,2020-02-27 17:49:53,2022,4
288,105,0.6247683449789285,0.6172556267694213,2020-02-27 17:30:51,2022,4
58,27,0.7838094588717838,0.7886412251537152,2020-02-27 17:25:03,2022,4
69,31,0.5136301090486063,0.4626691407802814,2020-02-27 17:11:37,2022,4
189,98,0.7059540719441113,0.7279940925680908,2020-02-27 16:42:11,2022,4
57,31,0.8606677744359482,0.904166273107402,2020-02-27 16:09:08,2022,4
89,35,0.6667146919962318,0.6973785436102952,2020-02-27 15:22:01,2022,4
75,27,0.4336534438215872,0.4220292547320703,2020-02-27 15:12:12,2022,4
177,73,0.549334658105792,0.48910444198064,2020-02-27 14:48:58,2022,4
422,158,0.4970156011606168,0.5170341296581553,2020-02-27 14:03:03,2022,4
134,51,0.6568244199180805,0.666806213092055,2020-02-27 13:42:08,2022,4
52,22,0.4709916385973731,0.450347373656045,2020-02-27 13:36:53,2022,4
21,10,0.3004873208411268,0.2399740778167174,2020-02-27 13:11:31,2022,4
51,15,0.8368059099079763,0.9278649724850844,2020-02-27 12:49:44,2022,4
107,32,0.5697383365020855,0.5690054429752397,2020-02-27 12:42:41,2022,4
40,18,0.4812903619229281,0.42168196943458,2020-02-27 11:30:48,2022,4
250,93,0.1040743995522178,0.0814377887053744,2020-02-27 11:13:51,2022,4
45,15,0.7748529811571363,0.7932154373052246,2020-02-27 10:09:47,2022,4
48,20,0.1239636644923432,0.1326033093643531,2020-02-27 08:32:06,2022,4
23,9,-0.0736477025789946,-0.1517145052664034,2020-02-27 08:15:01,2022,4
178,71,0.5422369261499546,0.5065393163042557,2020-02-27 07:53:59,2022,4
142,55,0.5181724378233286,0.5053938762147758,2020-02-27 07:38:09,2022,4
77,25,0.5184820092358315,0.5122832098908319,2020-02-27 06:39:46,2022,4
24,6,0.3130373651410079,0.245037344055727,2020-02-27 05:43:50,2022,4
21,8,0.2440347661850267,0.2151281602330868,2020-02-27 05:14:44,2022,4
133,40,0.6281487509934303,0.6558412982181479,2020-02-27 03:38:10,2022,4
188,64,0.5741534127755088,0.5771300069172554,2020-02-27 03:27:27,2022,4
110,37,0.3058485871283791,0.3479274638342487,2020-02-27 01:43:39,2022,4
231,95,0.7195279975359999,0.7265013240477101,2020-02-26 22:24:00,2022,4
151,78,0.5408136110632247,0.5142999073096503,2020-02-26 20:27:53,2022,4
16,8,0.6827881940563582,0.6506624802284974,2020-02-26 20:07:49,2022,4
139,58,0.4828560721150672,0.4689826269490053,2020-02-26 19:53:31,2022,4
28,12,0.5962353381838983,0.5473814110573262,2020-02-26 19:02:32,2022,4
112,52,0.2943642421408227,0.210575608007153,2020-02-26 17:36:49,2022,4
136,62,0.7534233915253578,0.786508194887025,2020-02-26 17:32:59,2022,4
12,2,0.2759124921201963,0.178590046139512,2020-02-26 17:23:22,2022,4
182,71,0.7250833171928347,0.7436801165612899,2020-02-26 17:18:53,2022,4
40,11,0.3722306458548898,0.3797489724583198,2020-02-26 16:25:47,2022,4
33,14,0.7005072417190237,0.6721677702378585,2020-02-26 16:19:30,2022,4
10,4,0.8497115589532451,0.8640450665349736,2020-02-26 16:12:47,2022,4
588,228,0.5764740154443675,0.5848098606182213,2020-02-26 15:37:31,2022,4
41,16,0.3871105261170322,0.4271907972611549,2020-02-26 15:07:52,2022,4
25,10,0.4961585985813664,0.4738180080155956,2020-02-26 14:57:33,2022,4
111,43,0.5962448683220241,0.6069907411335967,2020-02-26 14:16:18,2022,4
35,19,0.9588584521551936,1.020274350164553,2020-02-26 12:55:11,2022,4
59,14,0.6398981627981303,0.7615295578495728,2020-02-26 12:23:41,2022,4
410,173,0.4665648718749861,0.4535771691171557,2020-02-26 06:56:05,2022,4
231,87,0.3560574074460023,0.3550028564757425,2020-02-26 00:41:52,2022,4
98,23,0.4804986546258579,0.5498098923725319,2020-02-25 23:14:22,2022,4
85,29,0.7970700245053174,0.8359445770938866,2020-02-25 21:34:12,2022,4
132,54,0.6291649217425177,0.6070873960131972,2020-02-25 20:28:58,2022,4
180,77,0.5843402227631973,0.5917450309308456,2020-02-25 18:50:30,2022,4
102,50,0.8198971912786067,0.8292607819178908,2020-02-25 18:47:30,2022,4
103,44,0.8564802296744205,0.9031495456343454,2020-02-25 18:26:03,2022,4
44,18,0.9474265681639408,1.020294972638631,2020-02-25 18:13:39,2022,4
63,24,0.7059719947364814,0.6716109989754803,2020-02-25 18:11:55,2022,4
2411,960,0.5784427951475398,0.5873067060529744,2020-02-25 18:11:43,2022,4
115,47,0.6194186654697621,0.6106432325969757,2020-02-25 17:58:35,2022,4
44,19,0.1571870286372495,0.1301289684996129,2020-02-25 17:11:42,2022,4
29,12,0.1925516741738414,0.1215959053121285,2020-02-25 17:08:46,2022,4
255,92,0.7274745260368402,0.7307943361076241,2020-02-25 17:01:30,2022,4
65,32,0.712230269651466,0.7590197099925525,2020-02-25 16:40:51,2022,4
51,22,0.5387726739862495,0.5737647367029074,2020-02-25 15:44:15,2022,4
188,64,0.7081592902913436,0.6986078942380107,2020-02-25 14:48:32,2022,4
78,32,0.427675175615914,0.4318202697379726,2020-02-25 13:50:28,2022,4
18,8,0.906511870619547,0.9670825482788544,2020-02-25 12:43:39,2022,4
38,13,0.3263818428315412,0.3056302582187103,2020-02-25 11:35:01,2022,4
9,5,-0.3393855779302733,-0.3200821350095955,2020-02-25 11:19:58,2022,4
108,41,0.5769276436680014,0.5518304673502558,2020-02-25 10:08:27,2022,4
50,16,0.7996318469468817,0.818415866871218,2020-02-25 07:33:19,2022,4
69,31,0.6756175679942412,0.7165029553348701,2020-02-25 06:48:29,2022,4
36,12,0.6422165428661425,0.6375087591548105,2020-02-25 05:48:03,2022,4
255,127,0.5254886046794974,0.5204919502629108,2020-02-25 05:33:43,2022,4
80,28,0.5426917985178994,0.5266416815337351,2020-02-25 04:14:48,2022,4
41,9,1.1916726189850622,1.2831778330928236,2020-02-25 03:57:14,2022,4
24,7,0.4875474726144636,0.4128515547851739,2020-02-25 02:39:32,2022,4
225,89,0.5932847190486418,0.5546855976907745,2020-02-25 01:42:21,2022,4
60,23,0.7055124553923384,0.7110871054512578,2020-02-25 00:42:14,2022,4
6,3,-0.1978098351103209,-0.1906884936328829,2020-02-25 00:15:29,2022,4
37,15,0.767254507867607,0.8004200305266956,2020-02-24 23:34:58,2022,4
21,9,0.3323264071084958,0.2302305807250977,2020-02-24 21:05:29,2022,4
86,27,0.0810949892859042,0.1321647446595505,2020-02-24 19:28:46,2022,4
8,5,0.3746754830175211,0.2388048581657232,2020-02-24 19:27:20,2022,4
33,15,0.1511498020997925,0.1272283537347656,2020-02-24 17:38:13,2022,4
14,5,0.6398981627981303,0.7146772561204402,2020-02-24 15:27:27,2022,4
22,7,1.2797710615695304,1.5152586542941708,2020-02-24 14:34:53,2022,4
103,41,0.2391011403085858,0.254803205097622,2020-02-24 10:58:19,2022,4
109,39,0.4589934665782279,0.4380771682440371,2020-02-24 10:09:47,2022,4
65,31,0.4346841335521365,0.4113967653576693,2020-02-24 07:48:33,2022,4
226,86,0.2141120920839468,0.1999170445574739,2020-02-24 07:23:22,2022,4
26,14,0.3522141388449506,0.3419625170107148,2020-02-24 05:40:02,2022,4
166,65,0.5909055270100952,0.6085889524552125,2020-02-24 05:24:09,2022,4
156,71,0.7680947845870933,0.7849786461217788,2020-02-24 05:10:52,2022,4
95,40,0.5560390587826363,0.6016204931643407,2020-02-24 04:26:02,2022,4
848,359,0.4484308260446304,0.4523803252749775,2020-02-24 04:17:26,2022,4
73,25,0.431798609517084,0.3926403637651173,2020-02-23 21:15:28,2022,4
58,35,0.5904835476342104,0.5795488707412313,2020-02-23 20:44:14,2022,4
38,26,0.8794046575166337,0.9205948246551832,2020-02-23 17:06:22,2022,4
43,15,0.3500329695739086,0.3272177071031202,2020-02-23 16:47:38,2022,4
200,72,0.3708625950857078,0.3326878354060507,2020-02-23 15:25:03,2022,4
188,85,0.7035462127635476,0.7075118162430792,2020-02-23 15:20:55,2022,4
82,30,0.6287627317055448,0.661593609875429,2020-02-23 12:54:00,2022,4
165,77,0.6719009248768978,0.6810982650457613,2020-02-23 03:56:26,2022,4
7,5,0.4674106857380137,0.4445875167407361,2020-02-23 03:24:04,2022,4
7,5,0.6964666364576308,0.6831083255435915,2020-02-23 01:33:04,2022,4
27,14,0.4262759993884237,0.4470929874214383,2020-02-23 01:30:48,2022,4
19,6,-0.1854451414142553,-0.1614580023580231,2020-02-22 22:37:38,2022,4
37,17,0.2817496381967035,0.2666704279610728,2020-02-22 19:54:33,2022,4
145,60,0.7831262420467059,0.7744048932920704,2020-02-22 19:54:21,2022,4
114,33,0.5818082076935207,0.6226359966816188,2020-02-22 19:07:19,2022,4
70,26,0.845253320991287,0.8629592469330144,2020-02-22 16:04:22,2022,4
43,21,0.5480838028377363,0.6038005622622868,2020-02-22 10:02:12,2022,4
191,75,0.7832545786997649,0.8021687430903139,2020-02-22 07:23:10,2022,4
217,64,0.5017085668191368,0.4687992622899113,2020-02-22 03:49:11,2022,4
47,24,0.4382204490398007,0.4518160849980932,2020-02-22 03:39:22,2022,4
40,12,0.2067474867578285,0.184436144394484,2020-02-22 01:22:28,2022,4
206,88,0.4497383067650289,0.4274478195841135,2020-02-22 01:11:01,2022,4
135,64,0.783130581375016,0.7877717533646366,2020-02-22 00:41:38,2022,4
43,20,0.368605928058977,0.3196670835539054,2020-02-21 23:41:30,2022,4
37,17,0.2781817347979591,0.2178402544530827,2020-02-21 23:40:37,2022,4
72,34,0.3811942222675791,0.3489866158653122,2020-02-21 21:11:33,2022,4
78,33,0.5324770543737875,0.5260815169152935,2020-02-21 20:35:03,2022,4
70,32,0.5078882279940553,0.5122698893492053,2020-02-21 19:21:32,2022,4
51,17,0.5206541456879412,0.5604369299568622,2020-02-21 17:35:27,2022,4
109,58,0.4513738788053189,0.4344210066805935,2020-02-21 15:04:36,2022,4
120,49,0.6039472833187672,0.6344796348737254,2020-02-21 14:55:08,2022,4
79,44,0.6809766251076564,0.6547655247433322,2020-02-21 13:51:27,2022,4
370,173,0.4862638700459984,0.4686838736107649,2020-02-21 12:22:02,2022,4
130,51,0.6003986385177702,0.5901678245964048,2020-02-21 12:01:53,2022,4
70,23,0.565375588159721,0.5548028264255513,2020-02-21 11:24:19,2022,4
9,4,0.7500212160287153,0.7208156592881608,2020-02-21 07:56:17,2022,4
130,62,0.3822439498264788,0.3472906125240047,2020-02-21 03:23:10,2022,4
171,73,0.6345278772513314,0.6461038346698202,2020-02-21 01:21:56,2022,4
25,11,0.6871088114558357,0.7182912077689685,2020-02-21 00:40:16,2022,4
30,15,0.8244412162119107,0.8222454640119242,2020-02-21 00:34:28,2022,4
18,8,1.0097902975749011,1.108206554586478,2020-02-20 14:18:09,2022,4
77,27,0.9499069093520162,0.9921977972620498,2020-02-20 14:12:31,2022,4
77,42,0.7487848784495718,0.7587783220379434,2020-02-20 13:42:09,2022,4
97,44,0.4574637103688326,0.4153412280283443,2020-02-20 13:39:00,2022,4
73,46,0.6182647887462952,0.610087736359786,2020-02-19 23:56:42,2022,4
352,169,0.4526658540107746,0.4262635862626353,2020-02-19 20:45:46,2022,4
102,37,0.1937701335746925,0.1717390299176255,2020-02-19 20:11:09,2022,4
111,45,0.5436596301970854,0.5429318807188197,2020-02-19 20:11:06,2022,4
105,42,0.7122327822485959,0.7199158413653487,2020-02-19 18:07:51,2022,4
143,67,0.2374821019092822,0.1732342259092228,2020-02-19 17:19:30,2022,4
55,23,0.6146983794501703,0.5780310638650958,2020-02-19 16:59:26,2022,4
159,68,0.7045270524675554,0.7233845984116571,2020-02-19 11:45:48,2022,4
43,19,0.9534895719976912,0.980582419907112,2020-02-19 10:14:37,2022,4
10,7,0.9147917994338768,0.9406707115197844,2020-02-19 04:35:37,2022,4
18,5,0.4980133026357762,0.4153570254658761,2020-02-19 02:44:29,2022,4
4,4,-0.5540675722282139,-0.5346339409670663,2020-02-19 02:11:28,2022,4
66,26,0.5707552449464661,0.5914989444254507,2020-02-19 00:50:03,2022,4
120,41,0.7612412971185729,0.7902038933649884,2020-02-19 00:35:44,2022,4
111,49,0.5885333333607642,0.5685628468257822,2020-02-18 22:49:44,2022,4
31,8,0.8021847675589926,0.818737805058941,2020-02-18 22:11:50,2022,4
287,122,0.6595284086098261,0.6708163784497728,2020-02-18 21:52:47,2022,4
326,150,0.5255616113464301,0.4965810498729898,2020-02-18 21:01:51,2022,4
227,83,0.6791982951046073,0.6961996435605285,2020-02-18 20:57:50,2022,4
13,3,0.7913656605749351,0.8304300015688849,2020-02-18 19:33:56,2022,4
18,9,0.4326913087856466,0.4641517428407982,2020-02-18 19:14:47,2022,4
117,58,0.7115281124856832,0.7438472705168001,2020-02-18 18:48:35,2022,4
38,14,0.6313435123610827,0.6272845417753316,2020-02-18 17:56:27,2022,4
671,273,0.628284541159917,0.6431335540890548,2020-02-18 17:46:03,2022,4
88,51,0.5304169213235395,0.5073907864755052,2020-02-18 15:28:35,2022,4
174,76,0.6428354311530756,0.6837170417402257,2020-02-18 14:04:26,2022,4
98,31,0.5580281146415175,0.5587626368994465,2020-02-18 13:56:06,2022,4
76,34,0.5632812485329715,0.5066797684259207,2020-02-18 13:50:33,2022,4
99,35,0.5992271524621428,0.6010959185952707,2020-02-18 12:30:42,2022,4
170,76,0.4467107606646248,0.4647640391629634,2020-02-18 12:01:36,2022,4
285,117,0.666670190950944,0.678179878291134,2020-02-18 11:50:29,2022,4
34,12,1.04445548466628,1.0935044230426227,2020-02-18 10:13:43,2022,4
12,6,0.4173336762689476,0.4962280513263215,2020-02-18 08:20:02,2022,4
31,19,0.7074972447812262,0.769815193346281,2020-02-18 08:16:57,2022,4
154,55,0.3596876613847679,0.3013005800853577,2020-02-18 05:47:05,2022,4
108,48,0.6659017583819026,0.6594461085953595,2020-02-18 00:22:33,2022,4
166,48,0.7611485245342053,0.7657228840911247,2020-02-17 23:19:50,2022,4
169,51,0.6841919976778301,0.6871106626618786,2020-02-17 23:09:33,2022,4
166,49,0.7008488970717972,0.70719848067855,2020-02-17 22:46:10,2022,4
13,4,0.8242093782051096,0.8494298208975437,2020-02-17 22:36:53,2022,4
36,17,0.6863177707131087,0.7218022391383122,2020-02-17 18:03:04,2022,4
110,32,0.7491204422394194,0.7751221895392768,2020-02-17 15:22:11,2022,4
43,18,0.0871578487047959,0.1660909117571613,2020-02-17 11:52:09,2022,4
31,10,0.6334066986076957,0.5755401176521078,2020-02-17 11:03:32,2022,4
56,21,0.96265667550468,1.0120973252193326,2020-02-17 06:51:45,2022,4
67,25,1.0290150734133174,1.0991166773673962,2020-02-17 02:27:09,2022,4
110,42,0.3744988445361485,0.4120163978916065,2020-02-17 01:45:36,2022,4
201,106,0.3412982142133201,0.3228455005682036,2020-02-17 00:55:38,2022,4
52,21,0.5578739906677996,0.5704889376341943,2020-02-17 00:41:01,2022,4
43,11,0.3821998990741472,0.3903333105681426,2020-02-16 22:52:13,2022,4
297,98,0.4748056861937397,0.4865798419466536,2020-02-16 22:47:17,2022,4
70,20,0.3765629211528556,0.3384616449897208,2020-02-16 21:08:54,2022,4
1703,821,0.538380717038021,0.5510506349602806,2020-02-16 20:29:56,2022,4
50,16,0.8590403361896974,0.9031842915683114,2020-02-16 19:43:40,2022,4
853,414,0.4559384253734156,0.430472009117197,2020-02-16 15:13:22,2022,4
80,40,0.5191537882507906,0.4945225739554221,2020-02-16 01:20:47,2022,4
27,12,0.6869648815618433,0.725142309041773,2020-02-15 23:43:42,2022,4
24,15,0.7777644975092628,0.8849935852819564,2020-02-15 22:02:15,2022,4
65,20,0.8812415278782127,0.8950293872863251,2020-02-15 21:47:50,2022,4
342,159,0.4207153774927345,0.3900339394167386,2020-02-15 21:27:36,2022,4
2,1,-0.2364495029105263,-0.4030967302301974,2020-02-15 20:09:08,2022,4
9,5,0.8253685682391158,0.8327684408708734,2020-02-15 17:04:02,2022,4
28,11,0.1733686530205721,0.15510757532718,2020-02-15 16:02:16,2022,4
39,14,0.5230587753411966,0.5929242901717542,2020-02-15 14:58:42,2022,4
41,13,0.5724976893589206,0.623269218479164,2020-02-15 12:46:49,2022,4
102,41,0.2739594570139938,0.2194864203702453,2020-02-15 05:25:54,2022,4
27,12,0.6364205926961118,0.6496881305193355,2020-02-15 04:47:11,2022,4
33,18,0.3350520991884177,0.2735938049714125,2020-02-15 01:52:00,2022,4
77,26,0.1163225269611181,0.092506454908918,2020-02-14 23:22:32,2022,4
28,11,0.9960856459745684,1.0345119770151785,2020-02-14 19:44:57,2022,4
304,182,0.4396973646645472,0.4168950344163558,2020-02-14 19:33:40,2022,4
71,35,0.5181753498388103,0.4952178841266761,2020-02-14 18:54:20,2022,4
296,177,0.4427391746899273,0.4231809248962547,2020-02-14 18:53:42,2022,4
152,61,0.718252516713064,0.7333350405928523,2020-02-14 14:54:55,2022,4
10,6,0.9629257856078466,0.9989925012539094,2020-02-14 13:00:34,2022,4
169,67,0.5440626418851827,0.5057930552386828,2020-02-14 12:55:56,2022,4
1997,672,0.6590249538540525,0.6673806416581108,2020-02-14 11:15:09,2022,4
47,19,0.7572814062417014,0.802122578439547,2020-02-14 08:36:07,2022,4
108,39,0.7248819375578562,0.7343184538176494,2020-02-14 02:17:46,2022,4
17,10,0.8513344250008537,0.8631681517967278,2020-02-14 00:39:40,2022,4
1330,582,0.6513613429397906,0.6389652523909599,2020-02-14 00:03:05,2022,4
427,208,0.5520757266775718,0.543050364633378,2020-02-13 23:26:29,2022,4
6,4,0.8450747988172205,0.8815833612998896,2020-02-13 23:06:29,2022,4
51,19,0.2756732950810879,0.2593943729936667,2020-02-13 22:50:57,2022,4
71,30,0.6478101254103872,0.676116177212672,2020-02-13 22:26:32,2022,4
91,37,0.6299667889444787,0.6022070880694909,2020-02-13 22:08:28,2022,4
143,50,0.5882968223805124,0.5765610977941054,2020-02-13 20:32:50,2022,4
600,280,0.5631000521658954,0.5550225594989817,2020-02-13 17:37:20,2022,4
86,58,0.4242088723327082,0.3984234994859573,2020-02-13 15:57:41,2022,4
9,3,0.4111513294209148,0.3257168522229727,2020-02-13 15:34:52,2022,4
81,26,0.4898423027187188,0.5085405193950456,2020-02-13 13:41:48,2022,4
42,16,0.5063015113789203,0.4526259018413224,2020-02-13 11:38:47,2022,4
45,16,0.4872301327822217,0.4259965215062255,2020-02-13 11:27:21,2022,4
41,16,0.9485325093522702,1.003620662372429,2020-02-13 08:39:07,2022,4
31,12,0.2309245275833212,0.1912154052010022,2020-02-13 08:36:21,2022,4
179,84,0.6896986598710431,0.6985530836412605,2020-02-13 03:15:00,2022,4
30,14,0.5117248647523064,0.4395765753793314,2020-02-13 02:38:04,2022,4
73,25,0.7780736148516645,0.8145286143153612,2020-02-13 02:19:00,2022,4
139,57,0.536840055164106,0.4965723105657059,2020-02-13 02:18:41,2022,4
35,15,1.1011354011153682,1.1956067072297267,2020-02-13 01:45:10,2022,4
71,30,0.6176836858059211,0.6201938577193211,2020-02-13 01:41:09,2022,4
78,25,0.7719683719205035,0.7780042290912854,2020-02-13 00:09:52,2022,4
14,10,0.5471629600776374,0.4931101322570031,2020-02-13 00:09:49,2022,4
32,8,0.8445013007747437,0.8502303396537285,2020-02-12 21:10:47,2022,4
148,53,0.2586497330852879,0.2410767357234708,2020-02-12 17:29:52,2022,4
310,152,0.4605242751899607,0.4279318138590738,2020-02-12 17:13:29,2022,4
116,42,0.4539651042232319,0.4282941670266801,2020-02-12 16:10:30,2022,4
21,7,0.6160519678128606,0.6567173677068612,2020-02-12 16:02:19,2022,4
16,6,0.4227822707945848,0.4171454025922355,2020-02-12 14:48:59,2022,4
184,91,0.878817803807201,0.913176842279715,2020-02-12 14:31:42,2022,4
47,19,-0.0182777365102091,0.0018224962720706,2020-02-12 13:47:21,2022,4
78,33,0.517716438783077,0.5074141718547008,2020-02-12 13:38:41,2022,4
6,4,-0.5597585932464719,-0.6066937414673435,2020-02-12 12:16:39,2022,4
361,152,0.6726987219985551,0.7029032624038524,2020-02-12 12:10:38,2022,4
76,29,0.5378894398055881,0.5163534125603917,2020-02-12 11:21:58,2022,4
19,14,0.5183488078037702,0.4500160365489242,2020-02-12 10:16:11,2022,4
18,7,0.6412229514084231,0.6049376403056809,2020-02-12 09:12:35,2022,4
36,18,0.6878604681720764,0.6355214437780751,2020-02-12 09:05:23,2022,4
2,2,-0.2364495029105263,-0.3914045337202534,2020-02-12 08:57:15,2022,4
138,56,0.3729399971021489,0.3743713417445584,2020-02-12 06:02:27,2022,4
2,2,-0.2364495029105263,-0.3914045337202534,2020-02-12 05:29:19,2022,4
3,3,-0.0478879240455244,-0.2043293895611508,2020-02-12 05:23:04,2022,4
3,3,-0.0478879240455244,-0.2043293895611508,2020-02-12 05:04:06,2022,4
43,20,0.2819402802970281,0.2133743307565951,2020-02-12 03:54:18,2022,4
66,42,0.7988727960332604,0.7988332324289176,2020-02-12 03:32:53,2022,4
289,115,0.572062115709103,0.588163111895131,2020-02-12 03:28:58,2022,4
61,19,0.5807990831793939,0.6039435449876983,2020-02-12 03:22:52,2022,4
58,23,0.4460815578597024,0.444891656063091,2020-02-12 03:17:56,2022,4
258,122,0.3769426256758646,0.3445211588139161,2020-02-12 03:10:44,2022,4
107,50,0.6984782218725243,0.7082502914881189,2020-02-12 02:49:19,2022,4
33,14,0.393487481283678,0.3214018749395413,2020-02-12 00:03:56,2022,4
72,24,0.8148990199567915,0.8669391536936512,2020-02-12 00:01:01,2022,4
116,39,0.5348221793963633,0.5151330266736125,2020-02-11 23:41:17,2022,4
44,19,0.5819607514455639,0.5882462913310209,2020-02-11 23:20:02,2022,4
16,5,0.8522617770280586,0.8596604928437447,2020-02-11 23:17:20,2022,4
101,45,0.7175258936087455,0.7393366643024086,2020-02-11 23:12:11,2022,4
